[
    {
        "ind": 20518,
        "ctx": "A woman is wearing a white robe and a black belt. She does karate moves in her room. she",
        "activity_label": "Doing karate",
        "ctx_a": "A woman is wearing a white robe and a black belt. She does karate moves in her room.",
        "ctx_b": "she",
        "split": "train",
        "split_type": "indomain",
        "label": 1,
        "endings": [
            "gets into a cage in the middle of her room.",
            "kicks her legs up several times.",
            "throws an object off in the distance.",
            "watches tv and eats ice cream on the couch."
        ],
        "source_id": "activitynet~v_3kEAg-JtDBY",
        "th_activity_label": "ฝึกคาราเต้",
        "th_ctx_a": "ผู้หญิงคนหนึ่งสวมเสื้อคลุมสีขาวและเข็มขัดสีดำ เธอทำท่าคาราเต้ในห้องของเธอ",
        "th_ctx_b": "เธอ",
        "th_ctx": "ผู้หญิงคนหนึ่งสวมเสื้อคลุมสีขาวและเข็มขัดสีดำ เธอทำท่าคาราเต้ในห้องของเธอ เธอ",
        "th_endings": [
            "เข้าไปในกรงที่อยู่ตรงกลางห้องของเธอ",
            "เตะขาขึ้นหลายครั้ง",
            "โยนวัตถุออกไปไกล",
            "ดูทีวีและกินไอศกรีมบนโซฟา"
        ]
    },
    {
        "ind": 26886,
        "ctx": "A group is gathered around a picnic table. they",
        "activity_label": "Beer pong",
        "ctx_a": "A group is gathered around a picnic table.",
        "ctx_b": "they",
        "split": "train",
        "split_type": "indomain",
        "label": 0,
        "endings": [
            "are engaged in a game of beer pong.",
            "are playing a game of water volleyball.",
            "are on a raft and paddling their raft through the water.",
            "are playing a game of curling on the ground."
        ],
        "source_id": "activitynet~v_eUKMPNZ3NI4",
        "th_activity_label": "Beer pong",
        "th_ctx_a": "กลุ่มหนึ่งกำลังรวมตัวกันรอบๆ โต๊ะปิกนิก",
        "th_ctx_b": "พวกเขา",
        "th_ctx": "กลุ่มหนึ่งกำลังรวมตัวกันรอบๆ โต๊ะปิกนิก พวกเขา",
        "th_endings": [
            "กำลังมีส่วนร่วมในเกม beer pong",
            "กำลังเล่นเกมวอลเลย์บอลน้ำ",
            "กำลังอยู่บนแพและพายแพของพวกเขาผ่านน้ำ",
            "กำลังเล่นเกมคอร์ลิงบนพื้น"
        ]
    },
    {
        "ind": 18744,
        "ctx": "Gymnasts perform with a rod throwing it to the air and spinning around. A teen performs with a rod and throws to the air and flips before to catch it. the gymnasts",
        "activity_label": "Baton twirling",
        "ctx_a": "Gymnasts perform with a rod throwing it to the air and spinning around. A teen performs with a rod and throws to the air and flips before to catch it.",
        "ctx_b": "the gymnasts",
        "split": "train",
        "split_type": "indomain",
        "label": 3,
        "endings": [
            "then performs with the bar throwing and throw, finally the teen names is mark mante.",
            "spins on a platform while standing and spins around.",
            "attempts to throw the rod to the air but falls as well.",
            "jumps and flips and spins a rod."
        ],
        "source_id": "activitynet~v_S3EA0yDdaWY",
        "th_activity_label": "การหมุนไม้บัตร",
        "th_ctx_a": "นักยิมนาสติกแสดงโดยใช้ไม้ โยนขึ้นไปในอากาศและหมุนรอบตัว เด็กวัยรุ่นแสดงโดยใช้ไม้ โยนขึ้นไปในอากาศและทำการพลิกก่อนจะจับมัน",
        "th_ctx_b": "นักยิมนาสติก",
        "th_ctx": "นักยิมนาสติกแสดงโดยใช้ไม้ โยนขึ้นไปในอากาศและหมุนรอบตัว เด็กวัยรุ่นแสดงโดยใช้ไม้ โยนขึ้นไปในอากาศและทำการพลิกก่อนจะจับมัน นักยิมนาสติก",
        "th_endings": [
            "จากนั้นแสดงโดยใช้แท่ง โยนและโยน ในที่สุดเด็กวัยรุ่นชื่อ mark mante",
            "หมุนบนแพลตฟอร์มขณะยืนและหมุนรอบตัว",
            "พยายามโยนไม้ขึ้นไปในอากาศแต่ก็ตกลงมาด้วย",
            "กระโดดและพลิกตัวและหมุนไม้"
        ]
    },
    {
        "ind": 22257,
        "ctx": "A teen stand on a track, then he runs and jumps long on a sand box, after the teen stands and walk. A person pass behind the teen. an athlete",
        "activity_label": "Long jump",
        "ctx_a": "A teen stand on a track, then he runs and jumps long on a sand box, after the teen stands and walk. A person pass behind the teen.",
        "ctx_b": "an athlete",
        "split": "train",
        "split_type": "indomain",
        "label": 2,
        "endings": [
            "stands on the ring and jumps high, then jump gracefully on the pad.",
            "plays hopscotch the beach with other people.",
            "performs long jump in the sand box.",
            "jumps over the man, throws the javelin, then runs and runs long again."
        ],
        "source_id": "activitynet~v_Or7mIy83LsQ",
        "th_activity_label": "กระโดดไกล",
        "th_ctx_a": "เด็กวัยรุ่นยืนอยู่บนสนาม จากนั้นเขาวิ่งและกระโดดไกลลงในกล่องทราย หลังจากนั้นเด็กวัยรุ่นยืนและเดิน มีคนเดินผ่านหลังจากเด็กวัยรุ่น",
        "th_ctx_b": "นักกีฬา",
        "th_ctx": "เด็กวัยรุ่นยืนอยู่บนสนาม จากนั้นเขาวิ่งและกระโดดไกลลงในกล่องทราย หลังจากนั้นเด็กวัยรุ่นยืนและเดิน มีคนเดินผ่านหลังจากเด็กวัยรุ่น นักกีฬา",
        "th_endings": [
            "ยืนอยู่บนวงและกระโดดสูง จากนั้นกระโดดอย่างสง่างามลงบนแผ่นรอง",
            "เล่นเกมกระโดดช่องบนชายหาดกับคนอื่นๆ",
            "แสดงการกระโดดไกลในกล่องทราย",
            "กระโดดข้ามคน โยนจังหวะ จากนั้นวิ่งและวิ่งไกลอีกครั้ง"
        ]
    },
    {
        "ind": 1571,
        "ctx": "[header] How to cope after the death of a pet [title] Be aware that everyone experiences grief in different ways. [step] Grief is an intense process and often happens gradually. Everyone processes grief differently and there no \" normal \" timeframe from grieving so you may feel better after several weeks, months, or even after a year.",
        "activity_label": "Pets and Animals",
        "ctx_a": "[header] How to cope after the death of a pet [title] Be aware that everyone experiences grief in different ways. [step] Grief is an intense process and often happens gradually. Everyone processes grief differently and there no \" normal \" timeframe from grieving so you may feel better after several weeks, months, or even after a year.",
        "ctx_b": "",
        "split": "train",
        "split_type": "indomain",
        "label": 3,
        "endings": [
            "[substeps] After you have dealt with grief for awhile, it is normal to feel a range of emotions. Sadness is the most common emotion you will experience at a time like this as you grieve.",
            "Your reaction to a pet's death may be crushing to say, but it can be important to recognize that there are moments where it is normal to grieve. [substeps] For example, you may feel sad after the death of a beloved stuffed animal.",
            "There are six types of grief in dog's life, among those explaining how dogs cope with grief differently. [substeps] Grief is the most common form of loss that occurs after a dog's death.",
            "Be patient and allow yourself to experience grief for your pet, as this is an important way to process the death of your pet. [substeps] Though you may try to ignore the pain, this will likely only make it worse."
        ],
        "source_id": "wikihow~2573",
        "th_activity_label": "สัตว์เลี้ยงและสัตว์",
        "th_ctx_a": "[header] วิธีการรับมือหลังจากการตายของสัตว์เลี้ยง [title] ตระหนักว่าทุกคนมีประสบการณ์ความเศร้าโศกได้แตกต่างกัน [step] ความเศร้าโศกเป็นกระบวนการที่รุนแรงและมักจะเกิดขึ้นอย่างค่อยเป็นค่อยไป ทุกคนมีวิธีการรับมือกับความเศร้าโศกที่แตกต่างกันและไม่มีเวลาที่ 'ปกติ' สำหรับการไว้ทุกข์ ดังนั้นคุณอาจรู้สึกดีขึ้นหลังจากผ่านไปหลายสัปดาห์ หลายเดือน หรือแม้กระทั่งหลังจากผ่านไปหนึ่งปี",
        "th_ctx_b": "",
        "th_ctx": "[header] วิธีการรับมือหลังจากการตายของสัตว์เลี้ยง [title] ตระหนักว่าทุกคนมีประสบการณ์ความเศร้าโศกได้แตกต่างกัน [step] ความเศร้าโศกเป็นกระบวนการที่รุนแรงและมักจะเกิดขึ้นอย่างค่อยเป็นค่อยไป ทุกคนมีวิธีการรับมือกับความเศร้าโศกที่แตกต่างกันและไม่มีเวลาที่ 'ปกติ' สำหรับการไว้ทุกข์ ดังนั้นคุณอาจรู้สึกดีขึ้นหลังจากผ่านไปหลายสัปดาห์ หลายเดือน หรือแม้กระทั่งหลังจากผ่านไปหนึ่งปี ",
        "th_endings": [
            "[substeps] หลังจากที่คุณได้รับมือกับความเศร้าโศกไปสักระยะหนึ่ง การรู้สึกหลากหลายอารมณ์เป็นเรื่องปกติ ความเศร้าโศกเป็นอารมณ์ที่คุณจะพบเจอมากที่สุดในช่วงเวลานี้เมื่อคุณไว้ทุกข์",
            "การตอบสนองต่อการตายของสัตว์เลี้ยงอาจทำให้คุณรู้สึกหนักหน่วง แต่มันสำคัญที่จะตระหนักว่ามีช่วงเวลาที่เป็นเรื่องปกติที่จะไว้ทุกข์ [substeps] ตัวอย่างเช่น คุณอาจรู้สึกเศร้าหลังจากการตายของตุ๊กตาที่คุณรัก",
            "มีหกประเภทของความเศร้าโศกในชีวิตของสุนัข ซึ่งรวมถึงการอธิบายว่าสุนัขรับมือกับความเศร้าโศกได้อย่างไร [substeps] ความเศร้าโศกเป็นรูปแบบที่พบบ่อยที่สุดของการสูญเสียที่เกิดขึ้นหลังจากการตายของสุนัข",
            "มีความอดทนและอนุญาตให้ตัวเองได้รับมือกับความเศร้าโศกสำหรับสัตว์เลี้ยงของคุณ เนื่องจากนี่เป็นวิธีที่สำคัญในการรับมือกับการตายของสัตว์เลี้ยงของคุณ [substeps] แม้ว่าคุณอาจพยายามที่จะไม่สนใจความเจ็บปวด แต่นั่นอาจทำให้สถานการณ์แย่ลงเท่านั้น"
        ]
    },
    {
        "ind": 47194,
        "ctx": "[header] How to leave an abusive relationship [title] Find a secure means of seeking help. [step] Phone records and call logs can be checked. Computers' browser histories can be traced.",
        "activity_label": "Health",
        "ctx_a": "[header] How to leave an abusive relationship [title] Find a secure means of seeking help. [step] Phone records and call logs can be checked. Computers' browser histories can be traced.",
        "ctx_b": "",
        "split": "train",
        "split_type": "indomain",
        "label": 0,
        "endings": [
            "You can try erasing your call log or internet cookies and history. Some browsers also allow you to set them to \" private \" mode.",
            "So, you can use these to locate and escape the abusive partner-unless your ex has other resources. See leave a note or a chat room to use to track down your ex, or answer the phone.",
            "Look through a family tree and call people you know. You may also have to figure out if your abusive partner ever accessed any of these records.",
            "If your partner does not have passwords, call your bank or credit card company to find out. Keep a record of any social media and other financial transactions that you have accessed as a result of an abusive relationship."
        ],
        "source_id": "wikihow~77649",
        "th_activity_label": "สุขภาพ",
        "th_ctx_a": "[header] วิธีการออกจากความสัมพันธ์ที่เป็นอันตราย [title] หาวิธีการขอความช่วยเหลือที่ปลอดภัย [step] สามารถตรวจสอบบันทึกการโทรและประวัติการโทรได้ ประวัติการเรียกดูบนคอมพิวเตอร์สามารถติดตามได้",
        "th_ctx_b": "",
        "th_ctx": "[header] วิธีการออกจากความสัมพันธ์ที่เป็นอันตราย [title] หาวิธีการขอความช่วยเหลือที่ปลอดภัย [step] สามารถตรวจสอบบันทึกการโทรและประวัติการโทรได้ ประวัติการเรียกดูบนคอมพิวเตอร์สามารถติดตามได้ ",
        "th_endings": [
            "คุณสามารถลองลบประวัติการโทรหรือคุกกี้และประวัติการใช้งานอินเทอร์เน็ตของคุณ บางเบราว์เซอร์ยังอนุญาตให้คุณตั้งค่าเป็นโหมด 'private'",
            "ดังนั้น คุณสามารถใช้วิธีเหล่านี้ในการค้นหาและหลบหนีจากคู่ค้าที่เป็นอันตรายได้ เว้นแต่ว่าอดีตคู่ของคุณมีทรัพยากรอื่น ดูทิ้งโน้ตหรือห้องสนทนาเพื่อใช้ในการติดตามอดีตคู่ของคุณ หรือตอบโทรศัพท์",
            "ค้นหาในต้นไม้ครอบครัวและโทรหาคนที่คุณรู้จัก คุณอาจต้องหาว่าคู่ค้าที่เป็นอันตรายของคุณเคยเข้าถึงบันทึกเหล่านี้หรือไม่",
            "หากคู่ของคุณไม่มีรหัสผ่าน โทรหาธนาคารหรือบริษัทบัตรเครดิตของคุณเพื่อหาข้อมูล บันทึกการทำธุรกรรมทางโซเชียลมีเดียและการทำธุรกรรมทางการเงินอื่นๆ ที่คุณเข้าถึงเนื่องจากความสัมพันธ์ที่เป็นอันตราย"
        ]
    },
    {
        "ind": 17332,
        "ctx": "[header] How to water indoor plants [title] Research your specific plants' needs. [step] Not every type of houseplant has the same watering needs, so educate yourself on the plants you have or are thinking of buying. Don't assume that every plant wants 1 quart of water every two days because all of your plants won't thrive like that.",
        "activity_label": "Home and Garden",
        "ctx_a": "[header] How to water indoor plants [title] Research your specific plants' needs. [step] Not every type of houseplant has the same watering needs, so educate yourself on the plants you have or are thinking of buying. Don't assume that every plant wants 1 quart of water every two days because all of your plants won't thrive like that.",
        "ctx_b": "",
        "split": "train",
        "split_type": "indomain",
        "label": 1,
        "endings": [
            "Look at usda or an online research service to see what plants have the most water needs. If there are many different species of plants available, you may wish to do some research on the spot.",
            "[substeps] Some may prefer to have their soil fairly dry most of the time, while others need it moist. Some may need the soil to dry out in between waterings.",
            "[title] Calculate the number of indoor plants you want. [step] You can get a total of 3.5 inches (7.6 cm) per square foot of floor space or a saucer per l corner of your habitat.",
            "There are lots of different types of plants, and your pollination pattern should be based around the entire variety. [substeps] Decide which plants really need water and which ones may need less or more water."
        ],
        "source_id": "wikihow~28634",
        "th_activity_label": "บ้านและสวน",
        "th_ctx_a": "[header] วิธีการรดน้ำพืชในร่ม [title] ศึกษาความต้องการของพืชที่คุณมีอยู่เฉพาะเจาะจง [step] ไม่ใช่ทุกชนิดของพืชในบ้านที่มีความต้องการน้ำเหมือนกัน ดังนั้นควรศึกษาเกี่ยวกับพืชที่คุณมีหรือกำลังคิดจะซื้อ อย่าสมมติว่าทุกต้นต้องการน้ำ 1 ควอร์ตทุกๆสองวัน เพราะไม่ใช่ทุกต้นที่จะเจริญเติบโตได้ดีแบบนั้น",
        "th_ctx_b": "",
        "th_ctx": "[header] วิธีการรดน้ำพืชในร่ม [title] ศึกษาความต้องการของพืชที่คุณมีอยู่เฉพาะเจาะจง [step] ไม่ใช่ทุกชนิดของพืชในบ้านที่มีความต้องการน้ำเหมือนกัน ดังนั้นควรศึกษาเกี่ยวกับพืชที่คุณมีหรือกำลังคิดจะซื้อ อย่าสมมติว่าทุกต้นต้องการน้ำ 1 ควอร์ตทุกๆสองวัน เพราะไม่ใช่ทุกต้นที่จะเจริญเติบโตได้ดีแบบนั้น ",
        "th_endings": [
            "ดูที่ usda หรือบริการวิจัยออนไลน์เพื่อดูว่าพืชชนิดใดมีความต้องการน้ำมากที่สุด หากมีพืชหลายชนิดให้เลือก คุณอาจต้องการทำการวิจัยทันทีที่นั่น",
            "[substeps] บางชนิดอาจต้องการให้ดินแห้งสนิทเป็นส่วนใหญ่ ในขณะที่บางชนิดต้องการให้ดินชื้น บางชนิดอาจต้องการให้ดินแห้งสนิทระหว่างการรดน้ำ",
            "[title] คำนวณจำนวนพืชในร่มที่คุณต้องการ [step] คุณสามารถได้รับทั้งหมด 3.5 นิ้ว (7.6 ซม.) ต่อตารางฟุตของพื้นที่หรือจานรองต่อมุมของที่อยู่อาศัยของคุณ",
            "มีพืชหลายชนิด และรูปแบบการผสมเกสรของคุณควรอิงตามความหลากหลายทั้งหมด [substeps] ตัดสินใจว่าพืชชนิดใดที่จริงๆ ต้องการน้ำ และชนิดใดที่อาจต้องการน้ำน้อยหรือมากกว่า"
        ]
    },
    {
        "ind": 1544,
        "ctx": "A woman puts a harness on. A man clips a rope to the front of the woman's harness. he",
        "activity_label": "Rock climbing",
        "ctx_a": "A woman puts a harness on. A man clips a rope to the front of the woman's harness.",
        "ctx_b": "he",
        "split": "train",
        "split_type": "indomain",
        "label": 3,
        "endings": [
            "holds her down as she stands on it.",
            "takes out a trail marker from his pocket.",
            "leaps over a fence.",
            "ties the rope into a knot."
        ],
        "source_id": "activitynet~v_I9kOPQ3J5HA",
        "th_activity_label": "การปีนหน้าผา",
        "th_ctx_a": "ผู้หญิงคนหนึ่งสวมเข็มขัดนิรภัย ชายคนหนึ่งติดเชือกไว้ที่ด้านหน้าของเข็มขัดนิรภัยของผู้หญิง",
        "th_ctx_b": "เขา",
        "th_ctx": "ผู้หญิงคนหนึ่งสวมเข็มขัดนิรภัย ชายคนหนึ่งติดเชือกไว้ที่ด้านหน้าของเข็มขัดนิรภัยของผู้หญิง เขา",
        "th_endings": [
            "กดเธอลงไปขณะที่เธอยืนอยู่บนมัน",
            "หยิบเครื่องหมายเส้นทางออกจากกระเป๋าของเขา",
            "กระโดดข้ามรั้ว",
            "ผูกเชือกเป็นปม"
        ]
    },
    {
        "ind": 28604,
        "ctx": "[header] How to help loved ones with borderline personality disorder [title] Discuss your limits. [step] When you are helping a loved one with bpd, you need to set up strict boundaries for your relationship. Your loved one will likely be going through an emotional rollercoaster at any point and can take it out on you.",
        "activity_label": "Health",
        "ctx_a": "[header] How to help loved ones with borderline personality disorder [title] Discuss your limits. [step] When you are helping a loved one with bpd, you need to set up strict boundaries for your relationship. Your loved one will likely be going through an emotional rollercoaster at any point and can take it out on you.",
        "ctx_b": "",
        "split": "train",
        "split_type": "indomain",
        "label": 0,
        "endings": [
            "Have an honest discussion about what your personal limits are and what you won't take from your loved one. [substeps] For example, tell your loved one, \" if you start verbally abusing me, i am going to walk away.",
            "Ask your loved one to set boundaries for you and make a plan for when that time comes. [substeps] Setting your limits will help your loved one feel less anxious and more at ease while they are in your presence.",
            "Your friend/family might ask what your limits are, even if they don't agree. You can accommodate by giving them a tried-and-true treatment, but you can also help your loved one better but have them put your expectations ahead of yours.",
            "Emotional boosts are the norm among friends, but people with borderline personality disorder cannot build strong support networks for themselves. Try to go into the relationship feeling other people can support your."
        ],
        "source_id": "wikihow~47108",
        "th_activity_label": "สุขภาพ",
        "th_ctx_a": "[header] วิธีช่วยเหลือคนที่คุณรักที่มีโรคบุคลิกภาพชายขอบ [title] พูดคุยเกี่ยวกับขีดจำกัดของคุณ [step] เมื่อคุณกำลังช่วยเหลือคนที่คุณรักที่มี bpd, คุณต้องตั้งขอบเขตที่เข้มงวดสำหรับความสัมพันธ์ของคุณ คนที่คุณรักน่าจะกำลังผ่านอารมณ์ที่เหมือนกับการนั่งรถไฟเหาะที่สามารถเกิดขึ้นได้ทุกเวลาและอาจจะระบายออกมาที่คุณ",
        "th_ctx_b": "",
        "th_ctx": "[header] วิธีช่วยเหลือคนที่คุณรักที่มีโรคบุคลิกภาพชายขอบ [title] พูดคุยเกี่ยวกับขีดจำกัดของคุณ [step] เมื่อคุณกำลังช่วยเหลือคนที่คุณรักที่มี bpd, คุณต้องตั้งขอบเขตที่เข้มงวดสำหรับความสัมพันธ์ของคุณ คนที่คุณรักน่าจะกำลังผ่านอารมณ์ที่เหมือนกับการนั่งรถไฟเหาะที่สามารถเกิดขึ้นได้ทุกเวลาและอาจจะระบายออกมาที่คุณ ",
        "th_endings": [
            "มีการพูดคุยอย่างตรงไปตรงมาเกี่ยวกับขีดจำกัดส่วนบุคคลของคุณและสิ่งที่คุณจะไม่ยอมรับจากคนที่คุณรัก [substeps] ตัวอย่างเช่น บอกคนที่คุณรักว่า 'ถ้าคุณเริ่มใช้คำพูดที่ไม่เหมาะสมกับฉัน ฉันจะเดินออกไป'",
            "ขอให้คนที่คุณรักตั้งขอบเขตให้คุณและทำแผนสำหรับเมื่อถึงเวลานั้น [substeps] การตั้งขีดจำกัดของคุณจะช่วยให้คนที่คุณรักรู้สึกน้อยกังวลและสบายใจมากขึ้นเมื่อพวกเขาอยู่กับคุณ",
            "เพื่อน/ครอบครัวของคุณอาจจะถามว่าขีดจำกัดของคุณคืออะไร แม้ว่าพวกเขาอาจจะไม่เห็นด้วย คุณสามารถประนีประนอมได้โดยการให้พวกเขาการรักษาที่ได้ผลและทดลองแล้ว แต่คุณยังสามารถช่วยให้คนที่คุณรักดีขึ้นได้โดยให้พวกเขาให้ความสำคัญกับความคาดหวังของคุณมาก่อน",
            "การเพิ่มพลังทางอารมณ์เป็นเรื่องปกติในหมู่เพื่อน แต่คนที่มีโรคบุคลิกภาพชายขอบไม่สามารถสร้างเครือข่ายสนับสนุนที่แข็งแกร่งสำหรับตัวเองได้ พยายามเข้าสู่ความสัมพันธ์ด้วยความรู้สึกว่ามีคนอื่นสามารถสนับสนุนคุณได้"
        ]
    },
    {
        "ind": 7482,
        "ctx": "A woman is standing inside her kitchen. she",
        "activity_label": "Hand washing clothes",
        "ctx_a": "A woman is standing inside her kitchen.",
        "ctx_b": "she",
        "split": "train",
        "split_type": "indomain",
        "label": 3,
        "endings": [
            "flips a box and shows how to wrap it, grinding down flour and mixing it properly.",
            "cuts point to make a lemon, then rolls it down a paper towel to shape.",
            "begins cooking something onto an open fire grill.",
            "removes a bottle from her cabinet and sets it down."
        ],
        "source_id": "activitynet~v_tBNOJJx4Z9k",
        "th_activity_label": "ซักเสื้อผ้าด้วยมือ",
        "th_ctx_a": "ผู้หญิงคนหนึ่งกำลังยืนอยู่ในครัวของเธอ",
        "th_ctx_b": "เธอ",
        "th_ctx": "ผู้หญิงคนหนึ่งกำลังยืนอยู่ในครัวของเธอ เธอ",
        "th_endings": [
            "พลิกกล่องและแสดงวิธีห่อมัน บดแป้งและผสมมันอย่างถูกต้อง",
            "ตัดจุดเพื่อทำเลมอน จากนั้นกลิ้งมันลงบนกระดาษเช็ดมือเพื่อให้เป็นรูป",
            "เริ่มทำอาหารบางอย่างบนเตาย่างแบบเปิด",
            "เอาขวดออกจากตู้ของเธอและวางมันลง"
        ]
    }
]