[
    {
        "qID": "39KMGHJ4R1OLBU283SNMA5WMDVH009-1",
        "sentence": "Eating zucchini bread was a treat for Aaron but not Ian because _ ate it very rarely.",
        "option1": "Aaron",
        "option2": "Ian",
        "answer": "1",
        "th_sentence": "การกินขนมปังซูกินีเป็นความสุขสำหรับ Aaron แต่ไม่ใช่สำหรับ Ian เพราะ _ กินมันน้อยมาก",
        "th_option1": "Aaron",
        "th_option2": "Ian"
    },
    {
        "qID": "3SA4EMRVJXGOZB6SKD2CP6XULZ80PN-1",
        "sentence": "The pants kept shrinking in the wash, but the socks weren't affected, because the _ were made of malleable material.",
        "option1": "pants",
        "option2": "socks",
        "answer": "1",
        "th_sentence": "กางเกงยังคงหดตัวในขณะซัก แต่ถุงเท้าไม่ได้รับผลกระทบ เพราะ _ ทำจากวัสดุที่ยืดหยุ่นได้",
        "th_option1": "กางเกง",
        "th_option2": "ถุงเท้า"
    },
    {
        "qID": "3SD15I2WD48C6XNKO4LML44JRQD36Q-2",
        "sentence": "The leggings were more comfortable than the jeans because the _ stretched out much less.",
        "option1": "leggings",
        "option2": "jeans",
        "answer": "2",
        "th_sentence": "กางเกงเลกกิ้งสบายกว่ากางเกงยีนส์เพราะว่า _ ยืดออกได้น้อยกว่ามาก",
        "th_option1": "กางเกงเลกกิ้ง",
        "th_option2": "กางเกงยีนส์"
    },
    {
        "qID": "3UY4PIS8QTZO3FFX0HTKZMB8OWO1N6-1",
        "sentence": "The man spent his money on the 4-wheeler instead of the motorcycle because the _ was cheap.",
        "option1": "4-wheeler",
        "option2": "motorcycle",
        "answer": "1",
        "th_sentence": "ชายคนนั้นใช้เงินของเขากับ 4-wheeler แทนที่จะเป็น motorcycle เพราะว่า _ มีราคาถูก",
        "th_option1": "4-wheeler",
        "th_option2": "motorcycle"
    },
    {
        "qID": "3WKGUBL7SZK0DPAOROK7SUQE70KL4A-2",
        "sentence": "The woman wanted to hang the dress in the closet but the _ was too large.",
        "option1": "closet",
        "option2": "dress",
        "answer": "2",
        "th_sentence": "ผู้หญิงคนนั้นต้องการแขวนชุดในตู้เสื้อผ้า แต่ _ มีขนาดใหญ่เกินไป",
        "th_option1": "ตู้เสื้อผ้า",
        "th_option2": "ชุด"
    }
]