[
    {
        "question": "Predict the number of lines in the EPR spectrum of a solution of 13C-labelled methyl radical (13CH3•), assuming the lines do not overlap.",
        "subject": "college_chemistry",
        "choices": [
            "4",
            "3",
            "6",
            "24"
        ],
        "answer": 0,
        "th_question": "คาดการณ์จำนวนเส้นในสเปกตรัม EPR ของสารละลายของเมทิลราดิคัลที่มีป้ายกำกับ 13C (13CH3•) โดยสมมติว่าเส้นไม่ซ้อนทับกัน",
        "th_choices": [
            "4",
            "3",
            "6",
            "24"
        ]
    },
    {
        "question": "Which of the following lists the hydrides of group-14 elements in order of thermal stability, from lowest to highest?",
        "subject": "college_chemistry",
        "choices": [
            "PbH4 < SnH4 < GeH4 < SiH4 < CH4",
            "PbH4 < SnH4 < CH4 < GeH4 < SiH4",
            "CH4 < SiH4 < GeH4 < SnH4 < PbH4",
            "CH4 < PbH4 < GeH4 < SnH4 < SiH4"
        ],
        "answer": 0,
        "th_question": "ข้อใดต่อไปนี้เรียงลำดับไฮไดรด์ของธาตุกลุ่ม-14 ตามความเสถียรทางความร้อน จากต่ำสุดไปสูงสุด?",
        "th_choices": [
            "PbH4 < SnH4 < GeH4 < SiH4 < CH4",
            "PbH4 < SnH4 < CH4 < GeH4 < SiH4",
            "CH4 < SiH4 < GeH4 < SnH4 < PbH4",
            "CH4 < PbH4 < GeH4 < SnH4 < SiH4"
        ]
    },
    {
        "question": "3 Cl−(aq) + 4 CrO_4^2−(aq) + 23 H+(aq) → 3 HClO2(aq) + 4 Cr3+(aq) + 10 H2O(l). In the reaction shown above, Cl−(aq) behaves as",
        "subject": "college_chemistry",
        "choices": [
            "an acid",
            "a base",
            "a catalyst",
            "a reducing agent"
        ],
        "answer": 3,
        "th_question": "3 Cl−(aq) + 4 CrO_4^2−(aq) + 23 H+(aq) → 3 HClO2(aq) + 4 Cr3+(aq) + 10 H2O(l). ในปฏิกิริยาที่แสดงด้านบน, Cl−(aq) มีพฤติกรรมเป็น",
        "th_choices": [
            "กรด",
            "เบส",
            "ตัวเร่งปฏิกิริยา",
            "ตัวลดปฏิกิริยา"
        ]
    },
    {
        "question": "Which of the following statements about the lanthanide elements is NOT true?",
        "subject": "college_chemistry",
        "choices": [
            "The most common oxidation state for the lanthanide elements is +3.",
            "Lanthanide complexes often have high coordination numbers (> 6).",
            "All of the lanthanide elements react with aqueous acid to liberate hydrogen.",
            "The atomic radii of the lanthanide elements increase across the period from La to Lu."
        ],
        "answer": 3,
        "th_question": "ข้อใดต่อไปนี้เกี่ยวกับธาตุแลนทาไนด์ไม่เป็นความจริง?",
        "th_choices": [
            "สถานะออกซิเดชันที่พบบ่อยที่สุดสำหรับธาตุแลนทาไนด์คือ +3.",
            "คอมเพล็กซ์แลนทาไนด์มักมีจำนวนการประสานงานสูง (> 6).",
            "ธาตุแลนทาไนด์ทั้งหมดตอบสนองกับกรดน้ำเพื่อปลดปล่อยไฮโดรเจน.",
            "รัศมีอะตอมของธาตุแลนทาไนด์เพิ่มขึ้นตามช่วงจาก La ถึง Lu."
        ]
    },
    {
        "question": "A 0.217 g sample of HgO (molar mass = 217 g) reacts with excess iodide ions according to the reaction shown above. Titration of the resulting solution requires how many mL of 0.10 M HCl to reach equivalence point?",
        "subject": "college_chemistry",
        "choices": [
            "1.0 mL",
            "10 mL",
            "20 mL",
            "50 mL"
        ],
        "answer": 2,
        "th_question": "ตัวอย่าง HgO น้ำหนัก 0.217 กรัม (มวลโมเลกุล = 217 กรัม) ทำปฏิกิริยากับไอออนไอโอไดด์เกินตามปฏิกิริยาที่แสดงไว้ด้านบน การตรวจวัดปริมาณของสารละลายที่เกิดขึ้นต้องใช้ปริมาณเท่าไหร่ของ HCl 0.10 M เพื่อให้ถึงจุดเท่ากัน?",
        "th_choices": [
            "1.0 มิลลิลิตร",
            "10 มิลลิลิตร",
            "20 มิลลิลิตร",
            "50 มิลลิลิตร"
        ]
    }
]
