[
    {
        "question": "Why is Mars red?",
        "subject": "astronomy",
        "choices": [
            "Because the surface is covered with heavily oxidized (\"rusted\") minerals.",
            "Because the atmosphere scatters more light at bluer wavelengths transmitting mostly red light.",
            "Because Mars is covered with ancient lava flows which are red in color.",
            "Because flowing water on Mars's surface altered the surface minerals several billion years ago."
        ],
        "answer": 0,
        "th_question": "ทำไมดาวอังคารถึงมีสีแดง?",
        "th_choices": [
            "เพราะว่าพื้นผิวถูกปกคลุมด้วยแร่ธาตุที่ถูกออกซิไดซ์อย่างหนัก ('เป็นสนิม').",
            "เพราะว่าบรรยากาศกระจายแสงมากขึ้นที่ความยาวคลื่นสีฟ้า ส่งผ่านแสงสีแดงเป็นหลัก.",
            "เพราะว่าดาวอังคารถูกปกคลุมด้วยลาวาโบราณที่มีสีแดง.",
            "เพราะว่าน้ำที่ไหลบนพื้นผิวดาวอังคารได้เปลี่ยนแปลงแร่ธาตุบนพื้นผิวหลายพันล้านปีที่แล้ว."
        ]
    },
    {
        "question": "Say the pupil of your eye has a diameter of 5 mm and you have a telescope with an aperture of 50 cm. How much more light can the telescope gather than your eye?",
        "subject": "astronomy",
        "choices": [
            "10000 times more",
            "100 times more",
            "1000 times more",
            "10 times more"
        ],
        "answer": 0,
        "th_question": "ถ้าลูกตาของคุณมีเส้นผ่าศูนย์กลาง 5 มม. และคุณมีกล้องโทรทรรศน์ที่มีรูรับแสงขนาด 50 ซม. กล้องโทรทรรศน์สามารถรวบรวมแสงได้มากกว่าตาของคุณเท่าไหร่?",
        "th_choices": [
            "10000 เท่ามากกว่า",
            "100 เท่ามากกว่า",
            "1000 เท่ามากกว่า",
            "10 เท่ามากกว่า"
        ]
    },
    {
        "question": "Why isn't there a planet where the asteroid belt is located?",
        "subject": "astronomy",
        "choices": [
            "A planet once formed here but it was broken apart by a catastrophic collision.",
            "There was not enough material in this part of the solar nebula to form a planet.",
            "There was too much rocky material to form a terrestrial planet but not enough gaseous material to form a jovian planet.",
            "Resonance with Jupiter prevented material from collecting together to form a planet."
        ],
        "answer": 3,
        "th_question": "ทำไมไม่มีดาวเคราะห์อยู่ที่แห่งที่มีแถบดาวเคราะห์น้อย?",
        "th_choices": [
            "ดาวเคราะห์เคยก่อตัวขึ้นที่นี่ แต่ถูกทำลายจากการชนกันอย่างรุนแรง",
            "ไม่มีวัสดุเพียงพอในส่วนนี้ของเนบิวลาสุริยะที่จะก่อตัวเป็นดาวเคราะห์",
            "มีวัสดุหินมากเกินไปที่จะก่อตัวเป็นดาวเคราะห์ชั้นใน แต่ไม่มีวัสดุก๊าซเพียงพอที่จะก่อตัวเป็นดาวเคราะห์ยักษ์",
            "การสั่นพ้องกับดาวพฤหัสบดีป้องกันไม่ให้วัสดุรวมตัวกันเพื่อก่อตัวเป็นดาวเคราะห์"
        ]
    },
    {
        "question": "Where do most short-period comets come from and how do we know?",
        "subject": "astronomy",
        "choices": [
            "The Kuiper belt; short period comets tend to be in the plane of the solar system just like the Kuiper belt.",
            "The Kuiper belt; short period comets tend to come from random directions indicating a spherical distribution of comets called the Kuiper belt.",
            "The asteroid belt; short period comets have orbital periods similar to asteroids like Vesta and are found in the plane of the solar system just like the asteroid belt.",
            "The Oort cloud; short period comets tend to be in the plane of the solar system just like the Oort cloud."
        ],
        "answer": 0,
        "th_question": "ส่วนใหญ่ดาวหางระยะสั้นมาจากที่ไหนและเราทราบได้อย่างไร?",
        "th_choices": [
            "แถบไคเปอร์; ดาวหางระยะสั้นมักจะอยู่ในระนาบของระบบสุริยะเหมือนกับแถบไคเปอร์เลย",
            "แถบไคเปอร์; ดาวหางระยะสั้นมักจะมาจากทิศทางที่ไม่แน่นอนซึ่งบ่งบอกถึงการกระจายตัวแบบกลมของดาวหางที่เรียกว่าแถบไคเปอร์",
            "แถบดาวเคราะห์น้อย; ดาวหางระยะสั้นมีระยะเวลาวงโคจรที่คล้ายกับดาวเคราะห์น้อยเช่น Vesta และพบอยู่ในระนาบของระบบสุริยะเหมือนกับแถบดาวเคราะห์น้อย",
            "เมฆออร์ต; ดาวหางระยะสั้นมักจะอยู่ในระนาบของระบบสุริยะเหมือนกับเมฆออร์ต"
        ]
    },
    {
        "question": "You are pushing a truck along a road. Would it be easier to accelerate this truck on Mars? Why? (Assume there is no friction)",
        "subject": "astronomy",
        "choices": [
            "It would be harder since the truck is heavier on Mars.",
            "It would be easier since the truck is lighter on Mars.",
            "It would be harder since the truck is lighter on Mars.",
            "It would be the same no matter where you are."
        ],
        "answer": 3,
        "th_question": "คุณกำลังผลักรถบรรทุกไปตามถนน การเร่งความเร็วรถคันนี้บนดาวอังคารจะง่ายกว่าหรือไม่? ทำไม? (สมมติว่าไม่มีแรงเสียดทาน)",
        "th_choices": [
            "มันจะยากขึ้นเนื่องจากรถหนักขึ้นบนดาวอังคาร",
            "มันจะง่ายขึ้นเนื่องจากรถเบาลงบนดาวอังคาร",
            "มันจะยากขึ้นเนื่องจากรถเบาลงบนดาวอังคาร",
            "มันจะเหมือนกันไม่ว่าคุณจะอยู่ที่ไหน"
        ]
    }
]
