[
    {
        "question": "Which of the following persons is more likely to remain at home alone, as of 2019?",
        "subject": "human_aging",
        "choices": [
            "An Asian man or woman",
            "A Hispanic man",
            "An African American woman",
            "A white man or woman"
        ],
        "answer": 2,
        "th_question": "บุคคลใดต่อไปนี้มีโอกาสมากที่สุดที่จะอยู่บ้านคนเดียวในปี 2019?",
        "th_choices": [
            "ชายหรือหญิงเอเชีย",
            "ชายฮิสแปนิก",
            "หญิงแอฟริกันอเมริกัน",
            "ชายหรือหญิงผิวขาว"
        ]
    },
    {
        "question": "Which element in tobacco smoke is responsible for cancers?",
        "subject": "human_aging",
        "choices": [
            "Nicotine",
            "Tar",
            "Carbon monoxide",
            "Smoke particles"
        ],
        "answer": 1,
        "th_question": "ธาตุใดในควันบุหรี่ที่เป็นสาเหตุของโรคมะเร็ง?",
        "th_choices": [
            "นิโคติน",
            "ยางมะตอย",
            "คาร์บอนมอนอกไซด์",
            "อนุภาคควัน"
        ]
    },
    {
        "question": "The finding that adults tend to remember events from their adolescence better than from other periods in their lives is referred to as the",
        "subject": "human_aging",
        "choices": [
            "Adolescence advantage",
            "Reminiscence bump",
            "Memorial memorial",
            "Quadratic retrieval spike"
        ],
        "answer": 1,
        "th_question": "การค้นพบที่ว่าผู้ใหญ่มักจะจำเหตุการณ์จากช่วงวัยรุ่นได้ดีกว่าจากช่วงเวลาอื่นๆ ในชีวิตของพวกเขาเรียกว่า",
        "th_choices": [
            "Adolescence advantage",
            "Reminiscence bump",
            "Memorial memorial",
            "Quadratic retrieval spike"
        ]
    },
    {
        "question": "All other things being equal, which of the following persons is more likely to show osteoporosis?",
        "subject": "human_aging",
        "choices": [
            "An older Hispanic American woman",
            "An older African American woman",
            "An older Asian American woman",
            "An older Native American woman"
        ],
        "answer": 2,
        "th_question": "หากปัจจัยอื่นๆ เท่ากันหมด บุคคลใดต่อไปนี้มีโอกาสแสดงอาการของโรคกระดูกพรุนมากที่สุด?",
        "th_choices": [
            "ผู้หญิงชาวอเมริกันเชื้อสายฮิสแปนิกที่มีอายุมาก",
            "ผู้หญิงชาวอเมริกันเชื้อสายแอฟริกันที่มีอายุมาก",
            "ผู้หญิงชาวอเมริกันเชื้อสายเอเชียที่มีอายุมาก",
            "ผู้หญิงชาวอเมริกันเชื้อสายพื้นเมืองที่มีอายุมาก"
        ]
    },
    {
        "question": "When older adults move to a new state after retirement, which of the following is the more likely destination?",
        "subject": "human_aging",
        "choices": [
            "Texas",
            "California",
            "Hawaii",
            "Vermont"
        ],
        "answer": 0,
        "th_question": "เมื่อผู้ใหญ่อายุมากย้ายไปยังรัฐใหม่หลังจากเกษียณอายุการทำงาน รัฐใดต่อไปนี้เป็นจุดหมายปลายทางที่น่าจะเป็นไปได้มากกว่า?",
        "th_choices": [
            "Texas",
            "California",
            "Hawaii",
            "Vermont"
        ]
    }
]
