[
    {
        "question": "How did the 2008 financial crisis affect America's international reputation?",
        "subject": "us_foreign_policy",
        "choices": [
            "It damaged support for the US model of political economy and capitalism",
            "It created anger at the United States for exaggerating the crisis",
            "It increased support for American global leadership under President Obama",
            "It reduced global use of the US dollar"
        ],
        "answer": 0,
        "th_question": "วิกฤตการเงินปี 2008 ส่งผลต่อชื่อเสียงระหว่างประเทศของอเมริกาอย่างไร?",
        "th_choices": [
            "มันทำลายการสนับสนุนต่อแบบจำลองเศรษฐกิจและระบบทุนนิยมของสหรัฐอเมริกา",
            "มันสร้างความโกรธต่อสหรัฐอเมริกาสำหรับการที่ทำให้วิกฤตดูรุนแรงเกินไป",
            "มันเพิ่มการสนับสนุนต่อการเป็นผู้นำระดับโลกของอเมริกาภายใต้การบริหารของประธานาธิบดี Obama",
            "มันลดการใช้ดอลลาร์สหรัฐในระดับโลก"
        ]
    },
    {
        "question": "How do Defensive Realism and Offensive Realism differ in their explanation of state behaviour?",
        "subject": "us_foreign_policy",
        "choices": [
            "Defensive realists place greater emphasis on the role of international institutions",
            "Defensive realists place less emphasis on geographical factors",
            "Offensive realists give more priority to the national interest than Defensive realists.",
            "Defensive realists believe states are security maximizers, while Offensive realists believe states to be power maximizers"
        ],
        "answer": 3,
        "th_question": "Defensive Realism และ Offensive Realism มีความแตกต่างกันอย่างไรในการอธิบายพฤติกรรมของรัฐ?",
        "th_choices": [
            "นักวิเคราะห์ Defensive Realism ให้ความสำคัญกับบทบาทของสถาบันระหว่างประเทศมากขึ้น",
            "นักวิเคราะห์ Defensive Realism ให้ความสำคัญกับปัจจัยทางภูมิศาสตร์น้อยลง",
            "นักวิเคราะห์ Offensive Realism ให้ความสำคัญกับผลประโยชน์ของชาติมากกว่านักวิเคราะห์ Defensive Realism",
            "นักวิเคราะห์ Defensive Realism เชื่อว่ารัฐเป็นผู้ที่พยายามเพิ่มความมั่นคง ในขณะที่นักวิเคราะห์ Offensive Realism เชื่อว่ารัฐเป็นผู้ที่พยายามเพิ่มอำนาจ"
        ]
    },
    {
        "question": "How did NSC-68 change U.S. strategy?",
        "subject": "us_foreign_policy",
        "choices": [
            "It globalized containment.",
            "It militarized containment.",
            "It called for the development of the hydrogen bomb.",
            "All of the above"
        ],
        "answer": 3,
        "th_question": "NSC-68 เปลี่ยนกลยุทธ์ของสหรัฐอเมริกาอย่างไร?",
        "th_choices": [
            "มันทำให้การควบคุมมีลักษณะทั่วโลก",
            "มันทำให้การควบคุมมีลักษณะทางทหาร",
            "มันเรียกร้องให้มีการพัฒนาของระเบิดไฮโดรเจน",
            "ทั้งหมดข้างต้น"
        ]
    },
    {
        "question": "How did Donald Trump attack globalization in the 2016 campaign?",
        "subject": "us_foreign_policy",
        "choices": [
            "Globalization had made men like him too rich",
            "Globalization only benefited certain American states, such as New York",
            "Liberal elites had encouraged globalization, while 'ordinary Americans' lost jobs because of it",
            "Globalization encouraged damaging trade wars"
        ],
        "answer": 2,
        "th_question": "โดนัลด์ ทรัมป์ โจมตีการเป็นสากลในการหาเสียงปี 2016 อย่างไร?",
        "th_choices": [
            "การเป็นสากลทำให้ผู้ชายอย่างเขารวยมากเกินไป",
            "การเป็นสากลได้ประโยชน์เฉพาะรัฐอเมริกันบางรัฐ เช่น New York",
            "ชนชั้นนำที่เป็นลิเบอรัลได้สนับสนุนการเป็นสากล ขณะที่ 'คนอเมริกันธรรมดา' สูญเสียงานเพราะมัน",
            "การเป็นสากลส่งเสริมสงครามการค้าที่เป็นอันตราย"
        ]
    },
    {
        "question": "The realm of policy decisions concerned primarily with relations between the United States and the rest of the world is known as",
        "subject": "us_foreign_policy",
        "choices": [
            "terrorism policy.",
            "economic policy.",
            "foreign policy.",
            "international policy."
        ],
        "answer": 2,
        "th_question": "ขอบเขตของการตัดสินใจนโยบายที่เกี่ยวข้องอย่างหลักกับความสัมพันธ์ระหว่างสหรัฐอเมริกากับประเทศอื่นๆ ในโลกเรียกว่า",
        "th_choices": [
            "นโยบายการต่อต้านการก่อการร้าย",
            "นโยบายเศรษฐกิจ",
            "นโยบายต่างประเทศ",
            "นโยบายระหว่างประเทศ"
        ]
    }
]
