[
    {
        "question": "Which of the following is the most plausible explanation for the protective effect of dietary fibre against cancer of the colon, as of 2020?\n",
        "subject": "nutrition",
        "choices": [
            "Propionic acid, formed during colonic fibre fermentation inhibits liver fatty acid synthesis",
            "Butyric acid, formed during colonic fibre fermentation stimulates \"silencing\" of the SLC5A8 tumour suppressor gene",
            "None of these options are correct",
            "Butyric acid, formed during colonic fibre fermentation stimulates anti-oxidant defences in the colon"
        ],
        "answer": 3,
        "th_question": "ในปี 2020 คำอธิบายใดต่อไปนี้เป็นคำอธิบายที่น่าเชื่อถือที่สุดสำหรับผลการป้องกันของไฟเบอร์อาหารต่อมะเร็งลำไส้ใหญ่?",
        "th_choices": [
            "กรดโพรพิโอนิก ที่เกิดขึ้นระหว่างการหมักไฟเบอร์ในลำไส้ใหญ่ ยับยั้งการสังเคราะห์กรดไขมันในตับ",
            "กรดบิวทิริก ที่เกิดขึ้นระหว่างการหมักไฟเบอร์ในลำไส้ใหญ่ กระตุ้นการ 'ปิดเสียง' ของยีนต้านมะเร็ง SLC5A8",
            "ไม่มีตัวเลือกใดถูกต้อง",
            "กรดบิวทิริก ที่เกิดขึ้นระหว่างการหมักไฟเบอร์ในลำไส้ใหญ่ กระตุ้นการป้องกันต้านอนุมูลอิสระในลำไส้ใหญ่"
        ]
    },
    {
        "question": "In a cohort study, the risk ratio of developing diabetes was 0.86 when comparing consumers of tea (the exposed) to those who did not drink tea (the unexposed). Which one statement is correct (according to knowledge in 2020)?\n",
        "subject": "nutrition",
        "choices": [
            "The tea drinkers have lower risk of developing diabetes.",
            "The tea drinkers have higher risk of developing diabetes.",
            "Based on the information given we cannot tell if the observed difference in disease risk is the result of chance.",
            "The risk ratio is close to the value one, so there is no difference in disease risk between the two groups."
        ],
        "answer": 2,
        "th_question": "ในการศึกษากลุ่มตัวอย่าง อัตราส่วนความเสี่ยงของการพัฒนาโรคเบาหวานคือ 0.86 เมื่อเปรียบเทียบผู้บริโภคชา (กลุ่มที่ได้รับการสัมผัส) กับผู้ที่ไม่ดื่มชา (กลุ่มที่ไม่ได้รับการสัมผัส) ข้อใดถูกต้อง (ตามความรู้ในปี 2020)?",
        "th_choices": [
            "ผู้ดื่มชามีความเสี่ยงต่ำกว่าในการพัฒนาโรคเบาหวาน",
            "ผู้ดื่มชามีความเสี่ยงสูงกว่าในการพัฒนาโรคเบาหวาน",
            "จากข้อมูลที่ให้มา เราไม่สามารถบอกได้ว่าความแตกต่างในความเสี่ยงของโรคเป็นผลมาจากโอกาสหรือไม่",
            "อัตราส่วนความเสี่ยงใกล้เคียงกับค่าหนึ่ง ดังนั้นไม่มีความแตกต่างในความเสี่ยงของโรคระหว่างสองกลุ่ม"
        ]
    },
    {
        "question": "Which of the following statements is correct (according to knowledge in 2020)?\n",
        "subject": "nutrition",
        "choices": [
            "Consumers with phenylketonuria must avoid the consumption of the sweetener aspartame",
            "Consumers with phenylketonuria must avoid the consumption of the sweetener saccharin",
            "Consumers with phenylketonuria must avoid the consumption of the sweetener sucralose",
            "Consumers with phenylketonuria must avoid the consumption of the sweetener acesulfame K"
        ],
        "answer": 0,
        "th_question": "ข้อใดต่อไปนี้ถูกต้อง (ตามความรู้ในปี 2020)?",
        "th_choices": [
            "ผู้บริโภคที่มีภาวะ phenylketonuria ต้องหลีกเลี่ยงการบริโภคสารให้ความหวาน aspartame",
            "ผู้บริโภคที่มีภาวะ phenylketonuria ต้องหลีกเลี่ยงการบริโภคสารให้ความหวาน saccharin",
            "ผู้บริโภคที่มีภาวะ phenylketonuria ต้องหลีกเลี่ยงการบริโภคสารให้ความหวาน sucralose",
            "ผู้บริโภคที่มีภาวะ phenylketonuria ต้องหลีกเลี่ยงการบริโภคสารให้ความหวาน acesulfame K"
        ]
    },
    {
        "question": "Which of the following statements about iodine is correct, as of 2020?\n",
        "subject": "nutrition",
        "choices": [
            "50% of adults consume iodine at levels below the RNI",
            "Dairy products are a poor source of iodine",
            "The iodine content of organic milk is generally lower that the level in non-organic milk",
            "UK dietary reference values recommend an increase in iodine intake in pregnancy"
        ],
        "answer": 2,
        "th_question": "ข้อใดต่อไปนี้เกี่ยวกับไอโอดีนถูกต้อง ณ ปี 2020?",
        "th_choices": [
            "50% ของผู้ใหญ่บริโภคไอโอดีนในระดับต่ำกว่า RNI",
            "ผลิตภัณฑ์จากนมเป็นแหล่งไอโอดีนที่ไม่ดี",
            "ปริมาณไอโอดีนในนมออร์แกนิกโดยทั่วไปต่ำกว่าระดับในนมที่ไม่ใช่ออร์แกนิก",
            "ค่าอ้างอิงทางโภชนาการของสหราชอาณาจักรแนะนำให้เพิ่มการบริโภคไอโอดีนในระหว่างตั้งครรภ์"
        ]
    },
    {
        "question": "What is the first-line drug for patients with type 2 diabetes and obesity, as of 2020?\n",
        "subject": "nutrition",
        "choices": [
            "Acarbose",
            "Metformin",
            "Sulphonylureas",
            "Insulin"
        ],
        "answer": 1,
        "th_question": "ยาตัวแรกสำหรับผู้ป่วยที่มีโรคเบาหวานชนิดที่ 2 และโรคอ้วน ณ ปี 2020 คืออะไร?",
        "th_choices": [
            "Acarbose",
            "Metformin",
            "Sulphonylureas",
            "Insulin"
        ]
    }
]
