[
    {
        "question": "In order to become securitized, a threat must be presented in which of these ways?",
        "subject": "security_studies",
        "choices": [
            "As an existential threat that requires immediate and extraordinary action, posing a threat to the survival of the state or to societal security.",
            "As requiring immediate and extraordinary action by the state, threatening the survival of a referent object and therefore warranting the use of measures not normally employed in the political realm.",
            "As an urgent threat to the survival of the referent object, so serious that it legitimises the employment of extraordinary action in response.",
            "As an urgent threat to the survival of the audience that requires extraordinary or emergency measures."
        ],
        "answer": 2,
        "th_question": "เพื่อที่จะกลายเป็นภัยคุกคามที่ถูกกำหนดเป็นรูปธรรม ภัยคุกคามนั้นต้องถูกนำเสนอในรูปแบบใด?",
        "th_choices": [
            "ในฐานะภัยคุกคามที่มีต่อการดำรงอยู่ซึ่งต้องการการดำเนินการที่ทันทีและไม่ธรรมดา สร้างความเสี่ยงต่อการอยู่รอดของรัฐหรือต่อความปลอดภัยของสังคม",
            "ต้องการการดำเนินการที่ทันทีและไม่ธรรมดาจากรัฐ คุกคามการอยู่รอดของวัตถุอ้างอิงและด้วยเหตุนี้จึงมีเหตุผลในการใช้มาตรการที่ปกติไม่ได้ใช้ในเขตการเมือง",
            "ในฐานะภัยคุกคามที่เร่งด่วนต่อการอยู่รอดของวัตถุอ้างอิง ร้ายแรงจนถึงขั้นที่มันทำให้การใช้การดำเนินการที่ไม่ธรรมดาได้รับการรับรอง",
            "ในฐานะภัยคุกคามที่เร่งด่วนต่อการอยู่รอดของผู้ฟังที่ต้องการมาตรการที่ไม่ธรรมดาหรือมาตรการฉุกเฉิน"
        ]
    },
    {
        "question": "Which of the following is the best lens through which to investigate the role of child soldiers?",
        "subject": "security_studies",
        "choices": [
            "Child soldiers are victims of combat that need re-education and rehabilitation.",
            "Children and their mothers are not active subjects in warfare and are best considered as subjects in the private sphere.",
            "Children are most often innocent bystanders in war and are best used as signifiers of peace.",
            "Children have political subjecthood that is missed when they are considered as passive victims of warfare."
        ],
        "answer": 3,
        "th_question": "ข้อใดต่อไปนี้เป็นเลนส์ที่ดีที่สุดในการสืบสวนบทบาทของเด็กทหาร?",
        "th_choices": [
            "เด็กทหารเป็นเหยื่อของการต่อสู้ที่ต้องการการศึกษาใหม่และการฟื้นฟูสภาพ.",
            "เด็กๆ และแม่ของพวกเขาไม่ใช่ผู้มีบทบาทในสงครามและควรถูกพิจารณาเป็นผู้ที่อยู่ในสังคมส่วนตัวมากที่สุด.",
            "เด็กๆ มักจะเป็นผู้ที่ไม่มีความผิดที่อยู่ริมข้างในสงครามและเป็นที่สุดในการใช้เป็นสัญลักษณ์ของสันติภาพ.",
            "เด็กๆ มีสถานะทางการเมืองที่ถูกมองข้ามเมื่อพวกเขาถูกพิจารณาเป็นเหยื่อที่ถูกกระทำอย่างเป็นอัตโนมัติของสงคราม."
        ]
    },
    {
        "question": "How can we best describe the relationship between the state-centric approach and the concept of human security?",
        "subject": "security_studies",
        "choices": [
            "There are such wide divisions within the human security framework regarding the nature of threats and referent objects that no widely applicable comparisons between state-centric approaches and human security can be drawn.",
            "By adopting the framework of human security, the limitations of the realist state-centric approach become evident. Whilst human security defines the referent object as the person or population, state-centric approaches prioritise the security of the state, de-prioritizing the pursuit of human security.",
            "The state-centric approach to security is a faction of human security, usually defined within the broad school of human security. By being state-centric this approach prioritises the individual as the referent object in security studies.",
            "Both the state-centric and human-centric approaches to security are mutually exclusive and offer a sufficient analytic framework with which to understand the international security system. It is therefore the role of security analysts to determine which of these substantial concepts is correct, and which should be discarded."
        ],
        "answer": 1,
        "th_question": "เราจะอธิบายความสัมพันธ์ระหว่างแนวทางที่เน้นรัฐกับแนวคิดของความมั่นคงทางมนุษย์ได้อย่างไรดีที่สุด?",
        "th_choices": [
            "มีความแตกต่างกันอย่างกว้างขวางภายในกรอบความมั่นคงทางมนุษย์เกี่ยวกับลักษณะของภัยคุกคามและวัตถุอ้างอิงจนไม่สามารถทำการเปรียบเทียบที่ใช้ได้กว้างขวางระหว่างแนวทางที่เน้นรัฐกับความมั่นคงทางมนุษย์",
            "โดยการนำกรอบความมั่นคงทางมนุษย์มาใช้ ข้อจำกัดของแนวทางที่เน้นรัฐแบบเรียลิสต์ก็จะปรากฏชัดขึ้น ในขณะที่ความมั่นคงทางมนุษย์กำหนดวัตถุอ้างอิงเป็นบุคคลหรือประชากร แนวทางที่เน้นรัฐให้ความสำคัญกับความมั่นคงของรัฐ โดยลดความสำคัญของการแสวงหาความมั่นคงทางมนุษย์",
            "แนวทางที่เน้นรัฐต่อความมั่นคงเป็นส่วนหนึ่งของความมั่นคงทางมนุษย์ โดยปกติจะถูกกำหนดภายในโรงเรียนกว้างของความมั่นคงทางมนุษย์ โดยการเป็นแนวทางที่เน้นรัฐ แนวทางนี้ให้ความสำคัญกับบุคคลเป็นวัตถุอ้างอิงในการศึกษาความมั่นคง",
            "ทั้งแนวทางที่เน้นรัฐและแนวทางที่เน้นมนุษย์ต่อความมั่นคงเป็นสิ่งที่แยกจากกันอย่างสิ้นเชิงและเสนอกรอบการวิเคราะห์ที่เพียงพอในการเข้าใจระบบความมั่นคงระหว่างประเทศ ดังนั้นจึงเป็นบทบาทของนักวิเคราะห์ความมั่นคงในการกำหนดว่าแนวคิดใดเป็นสิ่งที่ถูกต้อง และแนวคิดใดควรถูกทิ้ง"
        ]
    },
    {
        "question": "What are the frameworks of analysis within which terrorism has been considered (as of 2020)?",
        "subject": "security_studies",
        "choices": [
            "Competition between larger nations has resulted in some countries actively supporting terrorist groups to undermine the strength of rival states. Terrorist networks are extended patronage clubs maintained and paid for by their donor states and are conceptualised as being like state actors, to be dealt with using military force.",
            "Globalization has enabled the internationalization of terrorist activities by opening up their operational space, although coordination is still managed from a geographical base. This suggests that terrorist groups are nationally structured which means that terrorism cannot be considered in terms of a war to be defeated militarily without having serious implications on the indigenous population.",
            "Terrorism can be viewed as a problem to be resolved by military means (war on terrorism), by normal police techniques (terrorism as crime), or as a medical problem with underlying causes and symptoms (terrorism as disease).",
            "Terrorism is viewed as a criminal problem. The criminalization of terrorism has two important implications. Firstly, it suggests that terrorism can be eradicated - terrorists can be caught and brought to trial by normal judicial proceedings thereby removing the threat from society - and secondly, it suggests that preventative crime techniques are applicable to prevent its development."
        ],
        "answer": 2,
        "th_question": "กรอบการวิเคราะห์ที่ภายในซึ่งการก่อการร้ายถูกพิจารณาคืออะไร (ณ ปี 2020)?",
        "th_choices": [
            "การแข่งขันระหว่างชาติใหญ่ๆ ได้นำไปสู่การที่บางประเทศสนับสนุนกลุ่มผู้ก่อการร้ายอย่างแข็งขันเพื่อลดทอนความแข็งแกร่งของรัฐคู่แข่ง โครงข่ายผู้ก่อการร้ายถูกขยายเป็นสโมสรผู้สนับสนุนที่ได้รับการบำรุงและจ่ายเงินโดยรัฐผู้บริจาคและถูกคิดค้นว่าเป็นเหมือนผู้แสดงบทบาทรัฐ เพื่อจัดการด้วยกำลังทางทหาร",
            "โลกาภิวัตน์ได้ทำให้การกิจกรรมของผู้ก่อการร้ายเป็นสากลโดยการเปิดพื้นที่ปฏิบัติการ แม้ว่าการประสานงานยังคงถูกจัดการจากฐานทางภูมิศาสตร์ นี่บ่งชี้ว่ากลุ่มผู้ก่อการร้ายมีโครงสร้างแบบชาติซึ่งหมายความว่าการก่อการร้ายไม่สามารถถูกพิจารณาในแง่ของสงครามที่จะถูกเอาชนะทางทหารโดยไม่มีผลกระทบร้ายแรงต่อประชากรพื้นเมือง",
            "การก่อการร้ายสามารถถูกมองเป็นปัญหาที่จะถูกแก้ไขด้วยวิธีทางทหาร (สงครามต่อต้านการก่อการร้าย), ด้วยเทคนิคตำรวจปกติ (การก่อการร้ายเป็นอาชญากรรม), หรือเป็นปัญหาทางการแพทย์ที่มีสาเหตุและอาการที่อยู่เบื้องหลัง (การก่อการร้ายเป็นโรค)",
            "การก่อการร้ายถูกมองเป็นปัญหาอาชญากรรม การทำให้การก่อการร้ายเป็นอาชญากรรมมีผลกระทบสำคัญสองประการ ประการแรก มันบ่งชี้ว่าการก่อการร้ายสามารถถูกกำจัด - ผู้ก่อการร้ายสามารถถูกจับและนำตัวมาพิจารณาคดีโดยกระบวนการยุติธรรมปกติ ทำให้สามารถกำจัดภัยคุกคามออกจากสังคม - และประการที่สอง มันบ่งชี้ว่าเทคนิคป้องกันอาชญากรรมสามารถใช้เพื่อป้องกันการพัฒนาของมัน"
        ]
    },
    {
        "question": "What distinguishes coercive diplomacy from military force?",
        "subject": "security_studies",
        "choices": [
            "Compellence is another term for coercive diplomacy, but covering a narrower set of criteria; compellence covers those threats aimed at initiating adversary action. A threat to coerce a state to give up part of its territory would count as coercive diplomacy, as long as that threat proactively initiates action before reactive diplomacy is taken.",
            "Coercive diplomacy constitutes the threats of limited force to induce adversary's incentive to comply with the coercer's demands. It is an influence strategy that is intended to obtain compliance: the use of force to defeat an opponent first does not count. It leaves an element of choice with the target to comply, or to continue.",
            "Military force, or the threat of military force, utilises fear to achieve strategic objectives. Coercive diplomacy is differentiated from this approach, because it does not use fear as a tool for coercing an adversary.",
            "Coercive diplomacy is employed to use force but to limit its effects on the international community. Coercive diplomacy is an aggressive strategy that is intended to obtain compliance through defeat. It does not leave an element of choice with the target, the target either being forced to comply or engage in conflict. It seeks to control by imposing compliance by removing any opportunity for negotiation or concession."
        ],
        "answer": 1,
        "th_question": "อะไรทำให้การทูตบังคับใช้แตกต่างจากกำลังทางทหาร?",
        "th_choices": [
            "Compellence เป็นอีกคำหนึ่งสำหรับการทูตบังคับใช้ แต่ครอบคลุมเฉพาะเกณฑ์ที่แคบกว่า; compellence ครอบคลุมถึงการขู่เข็ญที่มุ่งเป้าไปที่การกระตุ้นให้ฝ่ายตรงข้ามดำเนินการ การขู่เข็ญให้รัฐยอมแพ้ส่วนหนึ่งของดินแดนของตนจะถือเป็นการทูตบังคับใช้ ตราบใดที่การขู่เข็ญนั้นกระตุ้นให้เกิดการดำเนินการก่อนที่จะมีการทูตตอบโต้",
            "การทูตบังคับใช้ประกอบด้วยการขู่เข็ญด้วยกำลังจำกัดเพื่อกระตุ้นให้ฝ่ายตรงข้ามมีแรงจูงใจที่จะปฏิบัติตามความต้องการของผู้บังคับใช้ มันเป็นกลยุทธ์ที่มีจุดประสงค์เพื่อให้ได้มาซึ่งการปฏิบัติตาม: การใช้กำลังเพื่อเอาชนะฝ่ายตรงข้ามก่อนไม่ถือว่าเป็นการนับ มันทิ้งทางเลือกไว้กับเป้าหมายให้ปฏิบัติตามหรือจะดำเนินต่อ",
            "กำลังทางทหาร หรือการขู่เข็ญด้วยกำลังทางทหาร ใช้ความกลัวเพื่อบรรลุเป้าหมายยุทธศาสตร์ การทูตบังคับใช้แตกต่างจากวิธีนี้ เพราะมันไม่ใช้ความกลัวเป็นเครื่องมือในการบังคับใช้ฝ่ายตรงข้าม",
            "การทูตบังคับใช้ถูกใช้เพื่อใช้กำลัง แต่จำกัดผลกระทบต่อชุมชนระหว่างประเทศ การทูตบังคับใช้เป็นกลยุทธ์ที่รุนแรงซึ่งมีจุดประสงค์เพื่อให้ได้มาซึ่งการปฏิบัติตามผ่านการเอาชนะ มันไม่ทิ้งทางเลือกไว้กับเป้าหมาย เป้าหมายนั้นถูกบังคับให้ปฏิบัติตามหรือเข้าสู่ความขัดแย้ง มันพยายามควบคุมโดยการบังคับให้ปฏิบัติตามโดยการลบโอกาสสำหรับการเจรจาหรือการยอมรับ"
        ]
    }
]
