[
    {
        "question": "The single group within society that is most vulnerable to reference group influence is:",
        "subject": "marketing",
        "choices": [
            "The older consumer who feels somewhat left out of things.",
            "The married women, many of whom feel a need for stability in their lives.",
            "New immigrants who really want to assimilate into their new culture.",
            "Children, who base most of their buying decisions on outside influences."
        ],
        "answer": 3,
        "th_question": "กลุ่มเดียวในสังคมที่มีความเสี่ยงมากที่สุดต่ออิทธิพลของกลุ่มอ้างอิงคือ:",
        "th_choices": [
            "ผู้บริโภคที่มีอายุมากซึ่งรู้สึกว่าตัวเองถูกทอดทิ้งไปบ้างจากสิ่งต่างๆ",
            "ผู้หญิงที่แต่งงานแล้ว ซึ่งหลายคนรู้สึกว่าต้องการความมั่นคงในชีวิตของพวกเธอ",
            "ผู้อพยพใหม่ที่ต้องการปรับตัวเข้ากับวัฒนธรรมใหม่อย่างแท้จริง",
            "เด็กๆ ที่ตัดสินใจซื้อสินค้าส่วนใหญ่ตามอิทธิพลภายนอก"
        ]
    },
    {
        "question": "In an organization, the group of people tasked with buying decisions is referred to as the _______________.",
        "subject": "marketing",
        "choices": [
            "Outsourcing unit.",
            "Procurement centre.",
            "Chief executive unit.",
            "Decision-making unit."
        ],
        "answer": 3,
        "th_question": "ในองค์กร กลุ่มคนที่ได้รับมอบหมายให้ตัดสินใจเรื่องการซื้อเรียกว่า _______________.",
        "th_choices": [
            "หน่วยการจ้างงานภายนอก.",
            "ศูนย์จัดซื้อ.",
            "หน่วยผู้บริหารสูงสุด.",
            "หน่วยการตัดสินใจ."
        ]
    },
    {
        "question": "Although the content and quality can be as controlled as direct mail, response rates of this medium are lower because of the lack of a personal address mechanism. This media format is known as:",
        "subject": "marketing",
        "choices": [
            "Care lines.",
            "Direct mail.",
            "Inserts.",
            "Door to door."
        ],
        "answer": 3,
        "th_question": "แม้ว่าเนื้อหาและคุณภาพสามารถควบคุมได้เหมือนกับจดหมายโดยตรง แต่อัตราการตอบกลับของสื่อนี้ต่ำกว่าเนื่องจากขาดกลไกการที่มีที่อยู่ส่วนบุคคล รูปแบบสื่อนี้เรียกว่า:",
        "th_choices": [
            "Care lines.",
            "Direct mail.",
            "Inserts.",
            "Door to door."
        ]
    },
    {
        "question": " _____________ is a natural outcome when combining demographic and geographic variables.",
        "subject": "marketing",
        "choices": [
            "Geodemographics",
            "Product differentiation.",
            "ANSOFF matrix.",
            "Brand management."
        ],
        "answer": 0,
        "th_question": "_____________ เป็นผลลัพธ์ธรรมชาติเมื่อรวมตัวแปรทางประชากรศาสตร์และภูมิศาสตร์เข้าด้วยกัน",
        "th_choices": [
            "Geodemographics",
            "การแยกแยะผลิตภัณฑ์",
            "ANSOFF matrix",
            "การจัดการแบรนด์"
        ]
    },
    {
        "question": " Which of the following is an assumption in Maslow's hierarchy of needs?",
        "subject": "marketing",
        "choices": [
            "Needs are dependent on culture and also on social class.",
            "Lower-level needs must be at least partially satisfied before higher needs can affect behaviour.",
            "Needs are not prioritized or arranged in any particular order.",
            "Satisfied needs are motivators, and new needs emerge when current needs remain unmet."
        ],
        "answer": 1,
        "th_question": "ข้อใดต่อไปนี้เป็นสมมติฐานในลำดับชั้นความต้องการของ Maslow?",
        "th_choices": [
            "ความต้องการขึ้นอยู่กับวัฒนธรรมและชั้นเรียนสังคมด้วย",
            "ความต้องการระดับล่างต้องได้รับการตอบสนองอย่างน้อยบางส่วนก่อนที่ความต้องการระดับสูงจะสามารถส่งผลต่อพฤติกรรมได้",
            "ความต้องการไม่ได้ถูกจัดลำดับหรือจัดเรียงในลำดับใดๆ",
            "ความต้องการที่ได้รับการตอบสนองเป็นตัวกระตุ้น และความต้องการใหม่จะปรากฏขึ้นเมื่อความต้องการปัจจุบันยังคงไม่ได้รับการตอบสนอง"
        ]
    }
]
