[
    {
        "question": "In the program below, the initial value of x is 5 and the initial value of y is 10.\n IF (X < O)\n {\n DISPLAY (\"Foxtrot\")\n }\n ELSE\n {\n IF (X > y)\n {\n   DISPLAY (\"Hotel\")\n }\n ELSE \n {\n   IF (y > O)\n   {\n   DISPLAY (\"November\")\n   }\n   ELSE\n   {\n   DISPLAY (\"Yankee\")\n   }\n }\n }\n \n What is displayed as a result of running the program?",
        "subject": "high_school_computer_science",
        "choices": [
            "Foxtrot",
            "Hotel",
            "November",
            "Yankee"
        ],
        "answer": 2,
        "th_question": "ในโปรแกรมด้านล่างนี้ ค่าเริ่มต้นของ x คือ 5 และค่าเริ่มต้นของ y คือ 10. IF (X < O) { DISPLAY ('Foxtrot') } ELSE { IF (X > y) {   DISPLAY ('Hotel') } ELSE  {   IF (y > O)   {   DISPLAY ('November')   }   ELSE   {   DISPLAY ('Yankee')   } } }  ผลลัพธ์ที่แสดงจากการรันโปรแกรมคืออะไร?",
        "th_choices": [
            "Foxtrot",
            "Hotel",
            "November",
            "Yankee"
        ]
    },
    {
        "question": "A list of numbers has n elements, indexed from 1 to n. The following algorithm is intended to display the number of elements in the list that have a value greater than 100. The algorithm uses the variables count and position. Steps 3 and 4 are missing.\n Step 1: Set count to 0 and position to 1.\n Step 2: If the value of the element at index position is greater\n than 100, increase the value of count by 1.\n Step 3: (missing step)\n Step 4: (missing step)\n Step 5: Display the value of count.\n Which of the following could be used to replace steps 3 and 4 so that the algorithm works as intended?",
        "subject": "high_school_computer_science",
        "choices": [
            "Step 3: Increase the value of position by 1.\n Step 4: Repeat steps 2 and 3 until the value of count is greater than 100.",
            "Step 3: Increase the value of position by 1.\n Step 4: Repeat steps 2 and 3 until t he value of position is greater than n.",
            "Step 3: Repeat step 2 until the value of count is greater than 100.\n Step 4: Increase the value of position by 1.",
            "Step 3: Repeat step 2 until the value of position is greater than n.\n Step 4: Increase the value of count by 1."
        ],
        "answer": 3,
        "th_question": "รายการของตัวเลขมี n สมาชิก ถูกจัดดัชนีตั้งแต่ 1 ถึง n อัลกอริทึมต่อไปนี้มีจุดประสงค์เพื่อแสดงจำนวนสมาชิกในรายการที่มีค่ามากกว่า 100 อัลกอริทึมใช้ตัวแปร count และ position ขั้นตอนที่ 3 และ 4 หายไป ขั้นตอนที่ 1: ตั้งค่า count เป็น 0 และ position เป็น 1 ขั้นตอนที่ 2: ถ้าค่าของสมาชิกที่ดัชนี position มากกว่า 100 ให้เพิ่มค่าของ count ขึ้น 1 ขั้นตอนที่ 3: (ขั้นตอนที่หายไป) ขั้นตอนที่ 4: (ขั้นตอนที่หายไป) ขั้นตอนที่ 5: แสดงค่าของ count ข้อใดต่อไปนี้สามารถใช้แทนขั้นตอนที่ 3 และ 4 เพื่อให้อัลกอริทึมทำงานตามที่ตั้งใจไว้หรือไม่?",
        "th_choices": [
            "ขั้นตอนที่ 3: เพิ่มค่าของ position ขึ้น 1 ขั้นตอนที่ 4: ทำซ้ำขั้นตอนที่ 2 และ 3 จนกว่าค่าของ count จะมากกว่า 100",
            "ขั้นตอนที่ 3: เพิ่มค่าของ position ขึ้น 1 ขั้นตอนที่ 4: ทำซ้ำขั้นตอนที่ 2 และ 3 จนกว่าค่าของ position จะมากกว่า n",
            "ขั้นตอนที่ 3: ทำซ้ำขั้นตอนที่ 2 จนกว่าค่าของ count จะมากกว่า 100 ขั้นตอนที่ 4: เพิ่มค่าของ position ขึ้น 1",
            "ขั้นตอนที่ 3: ทำซ้ำขั้นตอนที่ 2 จนกว่าค่าของ position จะมากกว่า n ขั้นตอนที่ 4: เพิ่มค่าของ count ขึ้น 1"
        ]
    },
    {
        "question": "What is the output of \"abc\"[::-1] in Python 3?",
        "subject": "high_school_computer_science",
        "choices": [
            "Error",
            "abc",
            "cba",
            "c"
        ],
        "answer": 2,
        "th_question": "ผลลัพธ์ของ 'abc'[::-1] ใน Python 3 คืออะไร?",
        "th_choices": [
            "ข้อผิดพลาด",
            "abc",
            "cba",
            "c"
        ]
    },
    {
        "question": "Which of the following is an example of the use of a device on the Internet of Things (IoT) ?",
        "subject": "high_school_computer_science",
        "choices": [
            "A car alerts a driver that it is about to hit an object.",
            "A hiker uses a G P S watch to keep track of her position.",
            "A refrigerator orders milk from an online delivery service when the milk in the refrigerator is almost gone.",
            "A runner uses a watch with optical sensors to monitor his heart rate."
        ],
        "answer": 2,
        "th_question": "ตัวอย่างใดต่อไปนี้เป็นตัวอย่างของการใช้งานอุปกรณ์บนอินเทอร์เน็ตของสิ่งของ (IoT) ?",
        "th_choices": [
            "รถยนต์แจ้งเตือนผู้ขับขี่ว่ากำลังจะชนกับวัตถุ",
            "นักเดินทางใช้นาฬิกา G P S เพื่อติดตามตำแหน่งของเธอ",
            "ตู้เย็นสั่งซื้อนมจากบริการจัดส่งออนไลน์เมื่อนมในตู้เย็นใกล้หมด",
            "นักวิ่งใช้นาฬิกาที่มีเซ็นเซอร์แสงเพื่อตรวจสอบอัตราการเต้นของหัวใจของเขา"
        ]
    },
    {
        "question": "Many Web browsers allow users to open anonymous windows. During a browsing session in an anonymous window, the browser does not record a browsing history or a list of downloaded files. When the anonymous window is exited, cookies created during the session are deleted. Which of the following statements about browsing sessions in an anonymous window is true?",
        "subject": "high_school_computer_science",
        "choices": [
            "The activities of a user browsing in an anonymous window will not be visible to people who monitor the user's network, such as the system administrator.",
            "Items placed in a Web store's shopping cart for future purchase during the anonymous browsing session will not be saved on the user's computer.",
            "A user will not be able to log in to e-mail or social media accounts during the anonymous browsing session.",
            "A user browsing in an anonymous window will be protected from viruses launched from any web sites visited or files downloaded."
        ],
        "answer": 1,
        "th_question": "เว็บเบราว์เซอร์หลายตัวอนุญาตให้ผู้ใช้เปิดหน้าต่างแบบไม่ระบุชื่อ ระหว่างการเรียกดูในหน้าต่างแบบไม่ระบุชื่อ เบราว์เซอร์จะไม่บันทึกประวัติการเรียกดูหรือรายการของไฟล์ที่ดาวน์โหลด หากออกจากหน้าต่างแบบไม่ระบุชื่อ คุกกี้ที่สร้างขึ้นระหว่างเซสชันจะถูกลบ ข้อความใดต่อไปนี้เกี่ยวกับเซสชันการเรียกดูในหน้าต่างแบบไม่ระบุชื่อเป็นความจริง?",
        "th_choices": [
            "กิจกรรมของผู้ใช้ที่เรียกดูในหน้าต่างแบบไม่ระบุชื่อจะไม่ปรากฏให้ผู้ที่ตรวจสอบเครือข่ายของผู้ใช้เห็น เช่น ผู้ดูแลระบบ",
            "สินค้าที่วางในตะกร้าสินค้าของร้านค้าออนไลน์เพื่อซื้อในอนาคตระหว่างเซสชันการเรียกดูแบบไม่ระบุชื่อจะไม่ถูกบันทึกไว้บนคอมพิวเตอร์ของผู้ใช้",
            "ผู้ใช้จะไม่สามารถเข้าสู่ระบบอีเมลหรือบัญชีโซเชียลมีเดียระหว่างเซสชันการเรียกดูแบบไม่ระบุชื่อ",
            "ผู้ใช้ที่เรียกดูในหน้าต่างแบบไม่ระบุชื่อจะได้รับการป้องกันจากไวรัสที่เปิดใช้งานจากเว็บไซต์ใด ๆ ที่เข้าชมหรือไฟล์ที่ดาวน์โหลด"
        ]
    }
]
