[
    {
        "question": "What is the Second Gem in Buddhism?",
        "subject": "world_religions",
        "choices": [
            "The Dharma",
            "The Sangha",
            "The Buddha",
            "The Bodhisattva"
        ],
        "answer": 0,
        "th_question": "อะไรคือเพชรพลอยอันดับสองในพุทธศาสนา?",
        "th_choices": [
            "ธรรม",
            "สังฆะ",
            "พระพุทธเจ้า",
            "บ๊อดฮิซัทวา"
        ]
    },
    {
        "question": "How can the Upanishads be characterized?",
        "subject": "world_religions",
        "choices": [
            "Ritual texts",
            "Philosophical texts",
            "Hymns",
            "Origin stories"
        ],
        "answer": 1,
        "th_question": "Upanishads สามารถจำแนกลักษณะได้อย่างไร?",
        "th_choices": [
            "ข้อความเกี่ยวกับพิธีกรรม",
            "ข้อความทางปรัชญา",
            "เพลงสวด",
            "เรื่องราวกำเนิด"
        ]
    },
    {
        "question": " What is the sign of the covenant for Jewish males?",
        "subject": "world_religions",
        "choices": [
            "The rainbow",
            "Circumcision",
            "A son",
            "Bar mitzvah"
        ],
        "answer": 1,
        "th_question": "สัญญาณของพันธสัญญาสำหรับชายชาวยิวคืออะไร?",
        "th_choices": [
            "รุ้ง",
            "การเข้าสุหนัต",
            "บุตรชาย",
            "บาร์ มิตซ์วาห์"
        ]
    },
    {
        "question": " Which Japanese government promoted a kind of national cult based on the emperor and his associations with kami?",
        "subject": "world_religions",
        "choices": [
            "Honen",
            "Tanaka",
            "Tokugawa",
            "Meiji"
        ],
        "answer": 3,
        "th_question": "รัฐบาลญี่ปุ่นชุดไหนได้ส่งเสริมความเชื่อแบบชาตินิยมที่อิงกับจักรพรรดิและความเชื่อมโยงของเขากับ kami?",
        "th_choices": [
            "Honen",
            "Tanaka",
            "Tokugawa",
            "Meiji"
        ]
    },
    {
        "question": " In which dynasty was the \"Mandate of Heaven\" developed to legitimatize the new rulers?",
        "subject": "world_religions",
        "choices": [
            "Shang",
            "Zhou",
            "Han",
            "Xia"
        ],
        "answer": 1,
        "th_question": "ในราชวงศ์ใดที่ 'Mandate of Heaven' ถูกพัฒนาขึ้นเพื่อให้ความชอบธรรมแก่ผู้ปกครองใหม่?",
        "th_choices": [
            "Shang",
            "Zhou",
            "Han",
            "Xia"
        ]
    }
]
