[
    {
        "question": "A refracting telescope consists of two converging lenses separated by 100 cm. The eye-piece lens has a focal length of 20 cm. The angular magnification of the telescope is",
        "subject": "college_physics",
        "choices": [
            "4",
            "5",
            "6",
            "20"
        ],
        "answer": 0,
        "th_question": "กล้องโทรทรรศน์เลนส์หักเหประกอบด้วยเลนส์สองชิ้นที่มีการรวมกัน แยกจากกันด้วยระยะ 100 ซม. เลนส์ของชิ้นตามีความยาวโฟกัส 20 ซม. การขยายภาพมุมของกล้องโทรทรรศน์คือ",
        "th_choices": [
            "4",
            "5",
            "6",
            "20"
        ]
    },
    {
        "question": "One end of a Nichrome wire of length 2L and cross-sectional area A is attached to an end of another Nichrome wire of length L and cross- sectional area 2A. If the free end of the longer wire is at an electric potential of 8.0 volts, and the free end of the shorter wire is at an electric potential of 1.0 volt, the potential at the junction of the two wires is most nearly equal to",
        "subject": "college_physics",
        "choices": [
            "2.4 V",
            "3.3 V",
            "4.5 V",
            "5.7 V"
        ],
        "answer": 0,
        "th_question": "ปลายหนึ่งของลวดนิโครมที่มีความยาว 2L และพื้นที่ตัดขวาง A ถูกต่อกับปลายหนึ่งของลวดนิโครมอีกเส้นที่มีความยาว L และพื้นที่ตัดขวาง 2A หากปลายที่เป็นอิสระของลวดที่ยาวกว่าอยู่ที่ศักย์ไฟฟ้า 8.0 โวลต์ และปลายที่เป็นอิสระของลวดที่สั้นกว่าอยู่ที่ศักย์ไฟฟ้า 1.0 โวลต์ ศักย์ไฟฟ้าที่จุดต่อของสองลวดนั้นมีค่าใกล้เคียงกับ",
        "th_choices": [
            "2.4 V",
            "3.3 V",
            "4.5 V",
            "5.7 V"
        ]
    },
    {
        "question": "For which of the following thermodynamic processes is the increase in the internal energy of an ideal gas equal to the heat added to the gas?",
        "subject": "college_physics",
        "choices": [
            "Constant temperature",
            "Constant volume",
            "Constant pressure",
            "Adiabatic"
        ],
        "answer": 1,
        "th_question": "กระบวนการทางเทอร์โมไดนามิกใดต่อไปนี้ที่เพิ่มพลังงานภายในของก๊าซอุดมคติเท่ากับความร้อนที่เพิ่มให้กับก๊าซ?",
        "th_choices": [
            "อุณหภูมิคงที่",
            "ปริมาตรคงที่",
            "ความดันคงที่",
            "Adiabatic"
        ]
    },
    {
        "question": "The muon decays with a characteristic lifetime of about 10^-6 second into an electron, a muon neutrino, and an electron antineutrino. The muon is forbidden from decaying into an electron and just a single neutrino by the law of conservation of",
        "subject": "college_physics",
        "choices": [
            "charge",
            "mass",
            "energy and momentum",
            "lepton number"
        ],
        "answer": 3,
        "th_question": "มิวออนสลายตัวด้วยอายุการใช้งานที่เฉพาะเจาะจงประมาณ 10^-6 วินาที เป็นอิเล็กตรอน มิวออนนิวตริโน และอิเล็กตรอนแอนตินิวตริโน มิวออนถูกห้ามไม่ให้สลายตัวเป็นอิเล็กตรอนและนิวตริโนเพียงตัวเดียวโดยกฎของการอนุรักษ์",
        "th_choices": [
            "ประจุ",
            "มวล",
            "พลังงานและโมเมนตัม",
            "จำนวนเลปตอน"
        ]
    },
    {
        "question": "A refracting telescope consists of two converging lenses separated by 100 cm. The eye-piece lens has a focal length of 20 cm. The angular magnification of the telescope is",
        "subject": "college_physics",
        "choices": [
            "4",
            "5",
            "6",
            "20"
        ],
        "answer": 0,
        "th_question": "กล้องโทรทรรศน์เลนส์หักเหประกอบด้วยเลนส์สองชิ้นที่มีการรวมกัน แยกจากกันด้วยระยะ 100 ซม. เลนส์ของชิ้นตามีความยาวโฟกัส 20 ซม. การขยายภาพมุมของกล้องโทรทรรศน์คือ",
        "th_choices": [
            "4",
            "5",
            "6",
            "20"
        ]
    }
]
