[
    {
        "question": "Traditionally, when we have a real-valued input attribute during decision-tree learning we consider a binary split according to whether the attribute is above or below some threshold. Pat suggests that instead we should just have a multiway split with one branch for each of the distinct values of the attribute. From the list below choose the single biggest problem with Pat’s suggestion:",
        "subject": "machine_learning",
        "choices": [
            "It is too computationally expensive.",
            "It would probably result in a decision tree that scores badly on the training set and a testset.",
            "It would probably result in a decision tree that scores well on the training set but badly on a testset.",
            "It would probably result in a decision tree that scores well on a testset but badly on a training set."
        ],
        "answer": 2,
        "th_question": "ตามปกติ เมื่อเรามีอินพุตแบบมีค่าจริงในการเรียนรู้ต้นไม้ตัดสินใจ เราจะพิจารณาการแบ่งแบบไบนารีตามว่าคุณลักษณะนั้นอยู่เหนือหรือต่ำกว่าค่าเกณฑ์บางอย่าง Pat แนะนำว่าแทนที่เราควรมีการแบ่งแบบหลายทาง โดยมีสาขาหนึ่งสำหรับแต่ละค่าที่แตกต่างกันของคุณลักษณะนั้น จากรายการด้านล่าง เลือกปัญหาที่ใหญ่ที่สุดเพียงอย่างเดียวกับข้อเสนอของ Pat:",
        "th_choices": [
            "มันมีค่าใช้จ่ายทางการคำนวณที่สูงเกินไป",
            "มันอาจจะทำให้ต้นไม้ตัดสินใจที่มีคะแนนไม่ดีบนชุดการฝึกและชุดทดสอบ",
            "มันอาจจะทำให้ต้นไม้ตัดสินใจที่มีคะแนนดีบนชุดการฝึกแต่ไม่ดีบนชุดทดสอบ",
            "มันอาจจะทำให้ต้นไม้ตัดสินใจที่มีคะแนนดีบนชุดทดสอบแต่ไม่ดีบนชุดการฝึก"
        ]
    },
    {
        "question": "A 6-sided die is rolled 15 times and the results are: side 1 comes up 0 times; side 2: 1 time; side 3: 2 times; side 4: 3 times; side 5: 4 times; side 6: 5 times. Based on these results, what is the probability of side 3 coming up when using Add-1 Smoothing?",
        "subject": "machine_learning",
        "choices": [
            "2.0/15",
            "1.0/7",
            "3.0/16",
            "1.0/5"
        ],
        "answer": 1,
        "th_question": "ลูกเต๋า 6 หน้า ถูกโยน 15 ครั้ง และผลลัพธ์คือ: หน้า 1 ขึ้น 0 ครั้ง; หน้า 2: 1 ครั้ง; หน้า 3: 2 ครั้ง; หน้า 4: 3 ครั้ง; หน้า 5: 4 ครั้ง; หน้า 6: 5 ครั้ง จากผลลัพธ์เหล่านี้ ความน่าจะเป็นที่หน้า 3 จะขึ้นเมื่อใช้ Add-1 Smoothing คืออะไร?",
        "th_choices": [
            "2.0/15",
            "1.0/7",
            "3.0/16",
            "1.0/5"
        ]
    },
    {
        "question": "Which image data augmentation is most common for natural images?",
        "subject": "machine_learning",
        "choices": [
            "random crop and horizontal flip",
            "random crop and vertical flip",
            "posterization",
            "dithering"
        ],
        "answer": 0,
        "th_question": "การเพิ่มข้อมูลภาพแบบใดที่พบบ่อยที่สุดสำหรับภาพธรรมชาติ?",
        "th_choices": [
            "การครอบตัดแบบสุ่มและพลิกแนวนอน",
            "การครอบตัดแบบสุ่มและพลิกแนวตั้ง",
            "posterization",
            "dithering"
        ]
    },
    {
        "question": "To achieve an 0/1 loss estimate that is less than 1 percent of the true 0/1 loss (with probability 95%), according to Hoeffding's inequality the IID test set must have how many examples?",
        "subject": "machine_learning",
        "choices": [
            "around 10 examples",
            "around 100 examples",
            "between 100 and 500 examples",
            "more than 1000 examples"
        ],
        "answer": 3,
        "th_question": "เพื่อให้ได้การประมาณการสูญเสีย 0/1 ที่น้อยกว่า 1 เปอร์เซ็นต์ของสูญเสีย 0/1 จริง (ด้วยความน่าจะเป็น 95%) ตามอสมการของ Hoeffding ชุดทดสอบ IID ต้องมีตัวอย่างจำนวนเท่าไหร่?",
        "th_choices": [
            "ประมาณ 10 ตัวอย่าง",
            "ประมาณ 100 ตัวอย่าง",
            "ระหว่าง 100 ถึง 500 ตัวอย่าง",
            "มากกว่า 1000 ตัวอย่าง"
        ]
    },
    {
        "question": "You are reviewing papers for the World’s Fanciest Machine Learning Conference, and you see submissions with the following claims. Which ones would you consider accepting? ",
        "subject": "machine_learning",
        "choices": [
            "My method achieves a training error lower than all previous methods!",
            "My method achieves a test error lower than all previous methods! (Footnote: When regularisation parameter λ is chosen so as to minimise test error.)",
            "My method achieves a test error lower than all previous methods! (Footnote: When regularisation parameter λ is chosen so as to minimise cross-validaton error.)",
            "My method achieves a cross-validation error lower than all previous methods! (Footnote: When regularisation parameter λ is chosen so as to minimise cross-validaton error.)"
        ],
        "answer": 2,
        "th_question": "คุณกำลังตรวจสอบเอกสารสำหรับการประชุมเรียนรู้ของเครื่องจักรที่หรูหราที่สุดในโลก และคุณพบว่ามีการส่งเสนอที่มีข้อกล่าวอ้างดังต่อไปนี้ คุณจะพิจารณายอมรับข้อกล่าวอ้างไหน?",
        "th_choices": [
            "วิธีการของฉันทำให้ได้ค่าความผิดพลาดในการฝึกฝนที่ต่ำกว่าวิธีการก่อนหน้าทั้งหมด!",
            "วิธีการของฉันทำให้ได้ค่าความผิดพลาดในการทดสอบที่ต่ำกว่าวิธีการก่อนหน้าทั้งหมด! (หมายเหตุ: เมื่อพารามิเตอร์การปรับปรุง λ ถูกเลือกเพื่อให้ได้ค่าความผิดพลาดในการทดสอบที่ต่ำที่สุด)",
            "วิธีการของฉันทำให้ได้ค่าความผิดพลาดในการทดสอบที่ต่ำกว่าวิธีการก่อนหน้าทั้งหมด! (หมายเหตุ: เมื่อพารามิเตอร์การปรับปรุง λ ถูกเลือกเพื่อให้ได้ค่าความผิดพลาดในการตรวจสอบแบบข้ามกันที่ต่ำที่สุด)",
            "วิธีการของฉันทำให้ได้ค่าความผิดพลาดในการตรวจสอบแบบข้ามกันที่ต่ำกว่าวิธีการก่อนหน้าทั้งหมด! (หมายเหตุ: เมื่อพารามิเตอร์การปรับปรุง λ ถูกเลือกเพื่อให้ได้ค่าความผิดพลาดในการตรวจสอบแบบข้ามกันที่ต่ำที่สุด)"
        ]
    }
]
