[
    {
        "question": "In a given population, 1 out of every 400 people has a cancer caused by a completely recessive allele, b. Assuming the population is in Hardy-Weinberg equilibrium, which of the following is the expected proportion of individuals who carry the b allele but are not expected to develop the cancer?",
        "subject": "college_biology",
        "choices": [
            "1/400",
            "19/400",
            "20/400",
            "38/400"
        ],
        "answer": 3,
        "th_question": "ในกลุ่มประชากรที่กำหนด 1 ในทุกๆ 400 คนมีโรคมะเร็งที่เกิดจากอัลลีลที่ถูกกดทับอย่างสมบูรณ์, b โดยสมมติว่าประชากรอยู่ในสมดุลของ Hardy-Weinberg ข้อใดต่อไปนี้เป็นสัดส่วนที่คาดหวังของบุคคลที่พกพาอัลลีล b แต่ไม่คาดว่าจะเป็นโรคมะเร็ง?",
        "th_choices": [
            "1/400",
            "19/400",
            "20/400",
            "38/400"
        ]
    },
    {
        "question": "According to the pressure-flow model of movement of phloem contents, photosynthate movement from source to sink is driven by",
        "subject": "college_biology",
        "choices": [
            "an ATP-dependent pressure-flow pump",
            "a water-pressure potential gradient",
            "transpiration",
            "apoplastic diffusion"
        ],
        "answer": 1,
        "th_question": "ตามแบบจำลองการไหลเวียนของเนื้อหาในลำเลียง การเคลื่อนย้ายสารอาหารที่สังเคราะห์ได้จากแหล่งกำเนิดไปยังแหล่งรับนั้นขับเคลื่อนโดย",
        "th_choices": [
            "ปั๊มการไหลเวียนที่พึ่งพา ATP",
            "แรงดันศักย์น้ำที่เป็นไปตามความชัน",
            "การคายน้ำ",
            "การแพร่กระจายแบบอะพอพลาสติก"
        ]
    },
    {
        "question": "Which of the following contain DNA sequences required for the segregation of chromosomes in mitosis and meiosis?",
        "subject": "college_biology",
        "choices": [
            "Telomeres",
            "Centromeres",
            "Nucleosomes",
            "Spliceosomes"
        ],
        "answer": 1,
        "th_question": "ข้อใดต่อไปนี้มีลำดับดีเอ็นเอที่จำเป็นสำหรับการแยกโครโมโซมในการแบ่งเซลล์แบบไมโทซิสและไมโอซิส?",
        "th_choices": [
            "เทโลเมียร์",
            "เซนโทรเมียร์",
            "นิวคลีโอโซม",
            "สไปลิซโซโซม"
        ]
    },
    {
        "question": "The presence of homologous structures in two different organisms, such as the humerus in the front limb of a human and a bird, indicates that",
        "subject": "college_biology",
        "choices": [
            "the human and bird are polyphyletic species",
            "a human's and bird's evolution is convergent",
            "the human and bird belong to a clade",
            "the human and bird developed by analogy"
        ],
        "answer": 2,
        "th_question": "การมีโครงสร้างที่เหมือนกันในสิ่งมีชีวิตสองชนิดที่แตกต่างกัน เช่น กระดูกต้นแขนในขาหน้าของมนุษย์และนก บ่งชี้ว่า",
        "th_choices": [
            "มนุษย์และนกเป็นสายพันธุ์ที่มีต้นกำเนิดหลายแหล่ง",
            "การวิวัฒนาการของมนุษย์และนกเป็นแบบพุ่งเข้าหากัน",
            "มนุษย์และนกอยู่ในกลุ่มเดียวกัน",
            "มนุษย์และนกพัฒนาขึ้นโดยการเปรียบเทียบ"
        ]
    },
    {
        "question": "Which of the following represents an accurate statement concerning arthropods?",
        "subject": "college_biology",
        "choices": [
            "They possess an exoskeleton composed primarily of peptidoglycan.",
            "They possess an open circulatory system with a dorsal heart.",
            "They are members of a biologically unsuccessful phylum incapable of exploiting diverse habitats and nutrition sources.",
            "They lack paired, jointed appendages."
        ],
        "answer": 1,
        "th_question": "ข้อใดต่อไปนี้เป็นคำกล่าวที่ถูกต้องเกี่ยวกับสัตว์ขาปล้อง?",
        "th_choices": [
            "พวกมันมีโครงกระดูกภายนอกที่ประกอบด้วยเปปไทโดไกลแคนเป็นหลัก",
            "พวกมันมีระบบหมุนเวียนเลือดแบบเปิดพร้อมหัวใจด้านหลัง",
            "พวกมันเป็นสมาชิกของไฟลัมที่ไม่ประสบความสำเร็จทางชีววิทยา ไม่สามารถใช้ประโยชน์จากที่อยู่อาศัยและแหล่งอาหารที่หลากหลายได้",
            "พวกมันขาดอวัยวะเสริมที่เป็นคู่และมีข้อต่อ"
        ]
    }
]
