[
    {
        "question": "This question refers to the following information.\n\"As our late Conduct at the Conestoga Manor and Lancaster have occasioned much Speculation & a great diversity of Sentiments in this and neighboring Governments; some vindicating & others condemning it; some charitably alleviating the Crime, & others maliciously painting it in the most odious & detestable Colours, we think it our duty to lay before the Publick, the whole Matter as it appeared, & still appears, to us. . . .\n\"If these things are not sufficient to prove an unjustifiable Attachment in the Quakers to the Indians Savages, a fixed Resolution to befriend them & an utter insensibility to human Distresses, let us consider a few more recent Facts. When we found the last Summer that we were likely to get no Assistance from the Government, some Volunteers went out at our own Expense, determined to drive our Enemies from our Borders; & when we came near to the great Island, we understood that a Number of their Warriors had gone out against our Frontiers. Upon this we returned and came up with them and fought with them at the Munfey Hill where we lost some of our Men & killed some of their Warriors & thereby saved our Frontiers from this Story in another Expedition. But no sooner had we destroyed their Provisions on the great Island, & ruined their trade with the good People at Bethlehem, but these very Indians, who were justly suspected of having murdered our Friends in Northampton County, were by the Influence of some Quakers taken under the Protection of the Government to screen them from the Resentments of the Friends and Relations of the Murdered, & to support them thro the Winter.\"\n—\"Apology of the Paxton Boys\" (pamphlet), 1764 (Note: \"apology\" in this context should be read as an explanation, not an admission of guilt or regret.)\nThe sentiments expressed in the explanation above reflect which of the ongoing tensions during the colonial period of American history?",
        "subject": "high_school_us_history",
        "choices": [
            "Tensions between British policies and the aspirations of North American colonists.",
            "Tensions between American Indians allied with the French and those allied with the British.",
            "Tensions between freed African Americans and white planters.",
            "Tensions between backcountry settlers and elites within colonial America."
        ],
        "answer": 3,
        "th_question": "คำถามนี้อ้างอิงถึงข้อมูลต่อไปนี้'เนื่องจากการกระทำของเราในอดีตที่ Conestoga Manor และ Lancaster ได้ก่อให้เกิดการคาดเดามากมายและความเห็นที่หลากหลายในรัฐนี้และรัฐใกล้เคียง; บางคนปกป้องและบางคนประณามมัน; บางคนพยายามลดความรุนแรงของความผิด และบางคนกลับวาดภาพมันในแง่ที่น่ารังเกียจและน่าชังที่สุด เราจึงคิดว่าเป็นหน้าที่ของเราที่จะนำเสนอเรื่องราวทั้งหมดต่อสาธารณะชน ตามที่ปรากฏและยังคงปรากฏต่อเรา...'หากสิ่งเหล่านี้ยังไม่เพียงพอที่จะพิสูจน์ถึงความผูกพันที่ไม่สามารถชอบธรรมได้ของควอเกอร์ต่อชาวอินเดียนแดง ความมุ่งมั่นที่จะช่วยเหลือพวกเขา และความไม่รู้สึกต่อความทุกข์ยากของมนุษย์ ลองพิจารณาข้อเท็จจริงที่เพิ่งเกิดขึ้นเพิ่มเติมอีกสักหน่อย ในฤดูร้อนที่ผ่านมา เมื่อเราพบว่าเราน่าจะไม่ได้รับความช่วยเหลือจากรัฐบาล บางคนจากอาสาสมัครได้ออกไปด้วยค่าใช้จ่ายของตัวเอง มุ่งมั่นที่จะขับไล่ศัตรูออกจากพรมแดนของเรา; และเมื่อเรามาใกล้เกาะใหญ่ เราทราบว่ามีนักรบจำนวนหนึ่งออกไปต่อต้านพรมแดนของเรา จากนั้นเราจึงกลับมาและพบกับพวกเขาและต่อสู้กับพวกเขาที่ Munfey Hill ซึ่งเราสูญเสียบางคนจากเราและฆ่านักรบบางคนของพวกเขา และด้วยเหตุนี้ช่วยพรมแดนของเราจากเรื่องราวนี้ในการสำรวจครั้งอื่น แต่ไม่นานหลังจากที่เราทำลายอาหารของพวกเขาบนเกาะใหญ่ และทำลายการค้าของพวกเขากับคนดีที่ Bethlehem แต่ชาวอินเดียนแดงเหล่านี้ ซึ่งถูกสงสัยอย่างยุติธรรมว่าได้ฆ่าเพื่อนของเราใน Northampton County ก็ถูกควอเกอร์บางคนด้วยอิทธิพลนำไปอยู่ภายใต้การคุ้มครองของรัฐบาลเพื่อป้องกันพวกเขาจากความไม่พอใจของเพื่อนและญาติของผู้ที่ถูกฆ่า และเพื่อสนับสนุนพวกเขาผ่านฤดูหนาว'—'Apology of the Paxton Boys' (แผ่นพับ), 1764 (หมายเหตุ: 'apology' ในบริบทนี้ควรถูกตีความว่าเป็นการอธิบาย ไม่ใช่การยอมรับความผิดหรือความเสียใจ)ความรู้สึกที่แสดงในคำอธิบายด้านบนสะท้อนถึงความตึงเครียดใดในช่วงเวลาอาณานิคมของประวัติศาสตร์อเมริกา?",
        "th_choices": [
            "ความตึงเครียดระหว่างนโยบายของอังกฤษและความปรารถนาของชาวอาณานิคมอเมริกาเหนือ",
            "ความตึงเครียดระหว่างชาวอเมริกันอินเดียนที่ร่วมมือกับฝรั่งเศสและผู้ที่ร่วมมือกับอังกฤษ",
            "ความตึงเครียดระหว่างชาวแอฟริกันอเมริกันที่ได้รับอิสรภาพและเจ้าของไร่ผิวขาว",
            "ความตึงเครียดระหว่างผู้ตั้งถิ่นฐานในชนบทและชนชั้นสูงในอาณานิคมอเมริกา"
        ]
    },
    {
        "question": "This question refers to the following information.\nOur leaders talk about stopping aggression from the north, but this was a struggle among groups of Vietnamese until we intervened. We seem bent upon saving the Vietnamese from Ho Chi Minh even if we have to kill them and demolish their country to do it. As the native people survey bombed-out villages, women and children burned by napalm, rice crops destroyed and cities overrun with our military personnel, they are doubtless saying secretly of the Vietcong guerillas and of the American forces, \"A plague on both your houses.\" … Stop the bombing, north and south, end search and destroy offensive sweeps, and confine our military action to holding operations on the ground. Bombing the north has failed to halt or seriously check the flow of troops to the south and may, in fact, have prompted a much greater war effort by Hanoi.\n—Senator George McGovern, \"The Lessons of Vietnam,\" April 25, 1967\nWhich of the following opinions from the 1960s most directly reflects the perspective of George McGovern's speech?",
        "subject": "high_school_us_history",
        "choices": [
            "Americans must maximize their technological edge in Vietnam.",
            "American bombing in Vietnam is step by step leading to progress in the war.",
            "American bombing in Vietnam is a failure.",
            "America must not give in to defeatism about the war in Vietnam."
        ],
        "answer": 2,
        "th_question": "คำถามนี้อ้างอิงข้อมูลต่อไปนี้ผู้นำของเราพูดถึงการหยุดยั้งการรุกรานจากภาคเหนือ แต่นี่เป็นการต่อสู้ระหว่างกลุ่มของชาวเวียดนามจนกระทั่งเราเข้าไปแทรกแซง ดูเหมือนเราจะมุ่งมั่นที่จะช่วยชาวเวียดนามจาก Ho Chi Minh แม้ว่าเราจะต้องฆ่าพวกเขาและทำลายประเทศของพวกเขาเพื่อทำเช่นนั้น ในขณะที่ชาวบ้านพื้นเมืองสำรวจหมู่บ้านที่ถูกทิ้งระเบิด, ผู้หญิงและเด็กๆ ถูกไฟไหม้ด้วยน้ำมันนาปาล์ม, พืชผลข้าวถูกทำลาย และเมืองถูกท่วมท้นด้วยกำลังทหารของเรา พวกเขาอาจกำลังพูดกันอย่างลับๆ เกี่ยวกับกองโจร Vietcong และกองกำลังอเมริกันว่า 'ขอให้ทั้งสองฝ่ายต้องพบกับความหายนะ' … หยุดการทิ้งระเบิดทั้งภาคเหนือและภาคใต้ ยุติการค้นหาและทำลายการโจมตี และจำกัดการกระทำทางทหารของเราไว้ที่การปฏิบัติการรักษาพื้นที่บนพื้นดิน การทิ้งระเบิดภาคเหนือไม่สามารถหยุดหรือตรวจสอบการไหลเวียนของกำลังพลไปยังภาคใต้ได้อย่างจริงจัง และอาจจะทำให้เกิดความพยายามในการทำสงครามที่ใหญ่ขึ้นมากจากฮานอย—วุฒิสมาชิก George McGovern, 'The Lessons of Vietnam,' 25 เมษายน 1967ความคิดเห็นใดจากทศวรรษ 1960 ที่สะท้อนมุมมองของการพูดของ George McGovern ได้โดยตรงที่สุด?",
        "th_choices": [
            "อเมริกาต้องเพิ่มขีดความสามารถทางเทคโนโลยีของตนในเวียดนาม",
            "การทิ้งระเบิดของอเมริกาในเวียดนามกำลังนำไปสู่ความก้าวหน้าในสงครามทีละขั้น",
            "การทิ้งระเบิดของอเมริกาในเวียดนามเป็นความล้มเหลว",
            "อเมริกาต้องไม่ยอมแพ้ต่อความคิดที่ว่าสงครามในเวียดนามจะแพ้"
        ]
    },
    {
        "question": "This question refers to the following information.\n\"In the new Code of Laws which I suppose it will be necessary for you to make I desire you would Remember the Ladies, and be more generous and favorable to them than your ancestors. Do not put such unlimited power into the hands of the Husbands. Remember all Men would be tyrants if they could. If particular care and attention is not paid to the Ladies we are determined to foment a Rebellion, and will not hold ourselves bound by any Laws in which we have no voice, or Representation.\"\nAbigail Adams, in a letter to John Adams, 1776\n\"Special legislation for woman has placed us in a most anomalous position. Women invested with the rights of citizens in one section—voters, jurors, office-holders—crossing an imaginary line, are subjects in the next. In some States, a married woman may hold property and transact business in her own name; in others, her earnings belong to her husband. In some States, a woman may testify against her husband, sue and be sued in the courts; in others, she has no redress in case of damage to person, property, or character. In case of divorce on account of adultery in the husband, the innocent wife is held to possess no right to children or property, unless by special decree of the court. But in no State of the Union has the wife the right to her own person, or to any part of the joint earnings of the co-partnership during the life of her husband. In some States women may enter the law schools and practice in the courts; in others they are forbidden. In some universities girls enjoy equal educational advantages with boys, while many of the proudest institutions in the land deny them admittance, though the sons of China, Japan and Africa are welcomed there. But the privileges already granted in the several States are by no means secure.\"\nSusan B. Anthony, \"Declaration of Rights for Women,\" July 4, 1876\nThe sentiments expressed in the second excerpt by Susan B. Anthony are most likely in support of",
        "subject": "high_school_us_history",
        "choices": [
            "the Equal Rights Amendment",
            "universal suffrage",
            "states' rights",
            "prohibition"
        ],
        "answer": 1,
        "th_question": "คำถามนี้อ้างอิงข้อมูลต่อไปนี้'ในกฎหมายใหม่ที่ฉันคิดว่าคุณจะต้องทำ ฉันต้องการให้คุณจำไว้ถึงผู้หญิง และเป็นมิตรและเอื้อเฟื้อต่อพวกเธอมากกว่าบรรพบุรุษของคุณ อย่าให้อำนาจไม่จำกัดอยู่ในมือของสามี จำไว้ว่าผู้ชายทุกคนจะเป็นผู้กดขี่ถ้าพวกเขาทำได้ หากไม่ให้ความสนใจและดูแลเป็นพิเศษกับผู้หญิง เราจะเริ่มการกบฏ และจะไม่ผูกพันตัวเองด้วยกฎหมายใดๆ ที่เราไม่มีเสียงหรือการแทนที่'Abigail Adams, ในจดหมายถึง John Adams, 1776'กฎหมายพิเศษสำหรับผู้หญิงทำให้เราอยู่ในสถานะที่ผิดปกติมาก ผู้หญิงที่ได้รับสิทธิ์ของพลเมืองในส่วนหนึ่ง—ผู้มีสิทธิ์เลือกตั้ง, คณะลูกขุน, ผู้ถือตำแหน่ง—ข้ามเส้นแบ่งที่จินตนาการไว้, กลายเป็นประชาชนในส่วนถัดไป ในบางรัฐ, ผู้หญิงที่แต่งงานแล้วสามารถถือครองทรัพย์สินและทำธุรกิจในนามของตัวเอง; ในรัฐอื่นๆ, รายได้ของเธอเป็นของสามี ในบางรัฐ, ผู้หญิงสามารถให้การเป็นพยานต่อสามี, ฟ้องและถูกฟ้องในศาล; ในรัฐอื่นๆ, เธอไม่มีสิทธิ์ในการเรียกร้องในกรณีที่มีความเสียหายต่อบุคคล, ทรัพย์สิน, หรือชื่อเสียง ในกรณีของการหย่าร้างเนื่องจากการนอกใจของสามี, ภรรยาที่บริสุทธิ์ถูกถือว่าไม่มีสิทธิ์ในเด็กหรือทรัพย์สิน, นอกจากโดยคำสั่งพิเศษของศาล แต่ในรัฐใดๆ ของสหภาพไม่มีสิทธิ์ของภรรยาในตัวเธอเอง, หรือในส่วนใดๆ ของรายได้ร่วมในช่วงชีวิตของสามี ในบางรัฐผู้หญิงสามารถเข้าเรียนในโรงเรียนกฎหมายและปฏิบัติในศาล; ในรัฐอื่นๆ พวกเขาถูกห้าม ในบางมหาวิทยาลัยผู้หญิงได้รับโอกาสการศึกษาเท่าเทียมกับผู้ชาย, ในขณะที่สถาบันที่ภาคภูมิใจที่สุดในประเทศปฏิเสธไม่ให้พวกเขาเข้า, แม้ว่าบุตรชายของจีน, ญี่ปุ่น และแอฟริกาได้รับการต้อนรับที่นั่น แต่สิทธิพิเศษที่ได้รับในหลายรัฐยังไม่มั่นคง'Susan B. Anthony, 'Declaration of Rights for Women,' 4 กรกฎาคม 1876ความรู้สึกที่แสดงในข้อความที่สองโดย Susan B. Anthony น่าจะสนับสนุน",
        "th_choices": [
            "the Equal Rights Amendment",
            "universal suffrage",
            "states' rights",
            "prohibition"
        ]
    },
    {
        "question": "This question refers to the following information.\nI come not to urge personal claims, nor to seek individual benefits; I appear as the advocate of those who cannot plead their own cause; I come as the friend of those who are deserted, oppressed, and desolate. In the Providence of God, I am the voice of the maniac whose piercing cries from the dreary dungeons of your jails penetrate not your Halls of Legislation. I am the Hope of the poor crazed beings who pine in the cells, and stalls, and cages, and waste rooms of your poor-houses. I am the Revelation of hundreds of wailing, suffering creatures, hidden in your private dwellings, and in pens and cabins—shut out, cut off from all healing influences, from all mind-restoring cares.… Could their melancholy histories be spread before you as revealed to my grieved spirit during the last three months, how promptly, how earnestly would you search out the most approved means of relief; how trifling, how insignificant, by comparison, would appear the sacrifices you are asked to make; how would a few dimes and dollars, gathered from each citizen, diminish in value as a possession, compared with the certain benefits and vast good to be secured for the suffering insane...by the consecration and application of a sufficient fund to the construction of a suitable hospital.…\n—Dorothea Dix, Memorial Soliciting a State Hospital for the Protection and Cure of the Insane,\nSubmitted to the General Assembly of North Carolina, November 1848\nDorothea Dix can best be compared to whom?",
        "subject": "high_school_us_history",
        "choices": [
            "Abigail Adams",
            "Clara Barton",
            "Shirley Temple",
            "Hillary Clinton"
        ],
        "answer": 1,
        "th_question": "คำถามนี้อ้างอิงข้อมูลต่อไปนี้ฉันไม่ได้มาเพื่อเรียกร้องสิทธิส่วนบุคคล หรือแสวงหาผลประโยชน์ส่วนตัว; ฉันมาในฐานะผู้สนับสนุนผู้ที่ไม่สามารถแก้ต่างให้ตัวเองได้; ฉันมาเป็นเพื่อนของผู้ที่ถูกทอดทิ้ง ถูกกดขี่ และโดดเดี่ยว ในพระประสงค์ของพระเจ้า ฉันคือเสียงของคนบ้าที่ร้องไห้แหลมคมจากคุกมืดมิดของคุณที่ไม่สามารถเจาะผ่านห้องประชุมกฎหมายของคุณได้ ฉันคือความหวังของสัตว์ที่บ้าคลั่งที่เศร้าหมองในห้องขัง และคอก และกรง และห้องที่ถูกทิ้งร้างของบ้านพักคนยากจนของคุณ ฉันคือการเปิดเผยของหลายร้อยสิ่งมีชีวิตที่ร่ำไห้ ทุกข์ทรมาน ซ่อนอยู่ในบ้านพักส่วนตัวของคุณ และในคอกและกระท่อม—ถูกปิดกั้น ถูกตัดขาดจากอิทธิพลที่รักษาได้ทั้งหมด จากการดูแลที่ฟื้นฟูจิตใจ...หากประวัติศาสตร์อันเศร้าหมองของพวกเขาถูกนำเสนอต่อหน้าคุณเหมือนที่เปิดเผยต่อวิญญาณที่เศร้าโศกของฉันในช่วงสามเดือนที่ผ่านมา คุณจะรีบค้นหาวิธีการบรรเทาที่ได้รับการยอมรับมากที่สุดอย่างไร; การเสียสละที่คุณถูกขอให้ทำจะดูเล็กน้อย ไม่สำคัญเมื่อเปรียบเทียบอย่างไร; คุณจะใช้เงินสองสามเหรียญและดอลลาร์ที่รวบรวมจากแต่ละประชาชนลดลงค่าเป็นทรัพย์สินเมื่อเทียบกับผลประโยชน์ที่แน่นอนและความดีอันยิ่งใหญ่ที่จะได้รับสำหรับผู้ป่วยทางจิต...โดยการบูชาและใช้เงินทุนที่เพียงพอสำหรับการก่อสร้างโรงพยาบาลที่เหมาะสม...—Dorothea Dix, Memorial Soliciting a State Hospital for the Protection and Cure of the Insane,ยื่นต่อสมัชชาใหญ่ของนอร์ทแคโรไลนา, พฤศจิกายน 1848Dorothea Dix สามารถเปรียบเทียบกับใครได้ดีที่สุด?",
        "th_choices": [
            "Abigail Adams",
            "Clara Barton",
            "Shirley Temple",
            "Hillary Clinton"
        ]
    },
    {
        "question": "This question refers to the following information.\n\"Society in every state is a blessing, but government even in its best state is but a necessary evil; in its worst state an intolerable one; for when we suffer, or are exposed to the same miseries by a government, which we might expect in a country without government, our calamity is heightened by reflecting that we furnish the means by which we suffer. Government, like dress, is the badge of lost innocence; the palaces of kings are built on the ruins of the bowers of paradise. For were the impulses of conscience clear, uniform, and irresistibly obeyed, man would need no other lawgiver; but that not being the case, he finds it necessary to surrender up a part of his property to furnish means for the protection of the rest; and this he is induced to do by the same prudence which in every other case advises him out of two evils to choose the least. Wherefore, security being the true design and end of government, it unanswerably follows that whatever form thereof appears most likely to ensure it to us, with the least expense and greatest benefit, is preferable to all others.\"\nThomas Paine, Common Sense, 1776\nWhich of the following \"miseries\" alluded to above were most condemned by Anti-Federalists of the post-Revolutionary era?",
        "subject": "high_school_us_history",
        "choices": [
            "Organized response to Bacon's Rebellion",
            "Federal response to Shays's Rebellion",
            "Federal response to the Whiskey Rebellion",
            "Federal response to Pontiac's Rebellion"
        ],
        "answer": 2,
        "th_question": "คำถามนี้อ้างอิงข้อมูลต่อไปนี้สังคมในทุกสถานะเป็นพร, แต่รัฐบาลแม้ในสภาพที่ดีที่สุดก็เป็นเพียงความชั่วร้ายที่จำเป็น; ในสภาพที่แย่ที่สุดเป็นสิ่งที่ทนไม่ได้; เพราะเมื่อเราทุกข์ทรมาน, หรือถูกเปิดเผยต่อความทุกข์ทรมานเดียวกันโดยรัฐบาล, ซึ่งเราอาจคาดหวังได้ในประเทศที่ไม่มีรัฐบาล, ความทุกข์ของเรายิ่งเพิ่มขึ้นเมื่อสะท้อนว่าเราเป็นผู้จัดหาวิธีที่ทำให้เราทุกข์ทรมาน รัฐบาล, เหมือนเสื้อผ้า, เป็นสัญลักษณ์ของความบริสุทธิ์ที่สูญหาย; พระราชวังของกษัตริย์ถูกสร้างขึ้นบนซากปรักหักพังของสวนสวรรค์ หากแรงกระตุ้นของจิตสำนึกชัดเจน, สม่ำเสมอ, และถูกปฏิบัติตามอย่างไม่อาจต้านทานได้, มนุษย์จะไม่ต้องการผู้ให้กฎหมายอื่น; แต่เนื่องจากไม่ใช่กรณีนั้น, เขาพบว่ามันจำเป็นต้องยอมสละส่วนหนึ่งของทรัพย์สินของเขาเพื่อจัดหาวิธีการป้องกันส่วนที่เหลือ; และเขาถูกโน้มน้าวให้ทำเช่นนั้นโดยความรอบคอบเดียวกันที่ในทุกกรณีอื่นๆ แนะนำให้เขาเลือกความชั่วร้ายน้อยที่สุดจากสองอย่าง ด้วยเหตุนี้, ความปลอดภัยเป็นการออกแบบและจุดประสงค์ที่แท้จริงของรัฐบาล, จึงตามมาอย่างไม่อาจโต้แย้งได้ว่ารูปแบบใดก็ตามที่ปรากฏว่าน่าจะรับประกันความปลอดภัยให้กับเราได้มากที่สุด, ด้วยค่าใช้จ่ายที่น้อยที่สุดและประโยชน์ที่มากที่สุด, น่าจะเป็นที่ต้องการมากกว่าทั้งหมดอื่นๆThomas Paine, Common Sense, 1776'ความทุกข์ทรมาน' ต่อไปนี้ที่กล่าวถึงข้างต้นถูกตำหนิมากที่สุดโดย Anti-Federalists ในยุคหลังการปฏิวัติหรือไม่?",
        "th_choices": [
            "การตอบสนองที่จัดระเบียบต่อการกบฏของ Bacon",
            "การตอบสนองของรัฐบาลกลางต่อการกบฏของ Shays",
            "การตอบสนองของรัฐบาลกลางต่อการกบฏของ Whiskey",
            "การตอบสนองของรัฐบาลกลางต่อการกบฏของ Pontiac"
        ]
    }
]
