[
    {
        "question": "A 42-year-old man comes to the office for preoperative evaluation prior to undergoing adrenalectomy scheduled in 2 weeks. One month ago, he received care in the emergency department for pain over his right flank following a motor vehicle collision. At that time, blood pressure was 160/100 mm Hg and CT scan of the abdomen showed an incidental 10-cm left adrenal mass. Results of laboratory studies, including complete blood count, serum electrolyte concentrations, and liver function tests, were within the reference ranges. The patient otherwise had been healthy and had never been told that he had elevated blood pressure. He takes no medications. A follow-up visit in the office 2 weeks ago disclosed elevated urinary normetanephrine and metanephrine and plasma aldosterone concentrations. The patient was referred to a surgeon, who recommended the adrenalectomy. Today, vital signs are temperature 36.6°C (97.9°F), pulse 100/min, respirations 14/min, and blood pressure 170/95 mm Hg. Physical examination discloses no significant findings. Initial preoperative preparation should include treatment with which of the following?",
        "subject": "professional_medicine",
        "choices": [
            "Labetalol",
            "A loading dose of potassium chloride",
            "Nifedipine",
            "Phenoxybenzamine"
        ],
        "answer": 3,
        "th_question": "ชายอายุ 42 ปี เข้ามาที่คลินิกเพื่อการประเมินก่อนการผ่าตัดเพื่อเอาต่อมหมวกไตออก ซึ่งมีกำหนดในอีก 2 สัปดาห์ หนึ่งเดือนที่แล้ว เขาได้รับการดูแลที่แผนกฉุกเฉินเนื่องจากมีอาการปวดบริเวณข้างขวาหลังจากการชนด้วยยานพาหนะ ในขณะนั้น ความดันโลหิตอยู่ที่ 160/100 มม. ปรอท และการสแกน CT ของช่องท้องแสดงมวลต่อมหมวกไตด้านซ้ายขนาด 10 ซม. ผลการตรวจทางห้องปฏิบัติการ รวมถึงการนับเม็ดเลือดครบถ้วน ความเข้มข้นของอิเล็กโทรไลต์ในเซรั่ม และการทดสอบการทำงานของตับ อยู่ในช่วงอ้างอิง ผู้ป่วยมิได้มีปัญหาสุขภาพอื่นๆ และไม่เคยถูกบอกว่าเขามีความดันโลหิตสูง เขาไม่ได้รับยาใดๆ การตรวจติดตามที่คลินิก 2 สัปดาห์ที่แล้วเปิดเผยว่ามีระดับนอร์เมตาเนฟรีนและเมตาเนฟรีนในปัสสาวะและความเข้มข้นของอัลโดสเตอโรนในพลาสมาสูง ผู้ป่วยจึงถูกส่งต่อให้แพทย์ศัลยกรรม ซึ่งแนะนำให้ทำการผ่าตัดเอาต่อมหมวกไตออก วันนี้ สัญญาณชีพคือ อุณหภูมิ 36.6°C (97.9°F), ชีพจร 100/นาที, การหายใจ 14/นาที, และความดันโลหิต 170/95 มม. ปรอท การตรวจร่างกายไม่พบความผิดปกติที่สำคัญ การเตรียมการก่อนผ่าตัดครั้งแรกควรรวมถึงการรักษาด้วยวิธีใดต่อไปนี้?",
        "th_choices": [
            "Labetalol",
            "A loading dose of potassium chloride",
            "Nifedipine",
            "Phenoxybenzamine"
        ]
    },
    {
        "question": "A 22-year-old male marathon runner presents to the office with the complaint of right-sided rib pain when he runs long distances. Physical examination reveals normal heart and lung findings and an exhalation dysfunction at ribs 4-5 on the right. Which of the following muscles or muscle groups will be most useful in correcting this dysfunction utilizing a direct method?",
        "subject": "professional_medicine",
        "choices": [
            "anterior scalene",
            "latissimus dorsi",
            "pectoralis minor",
            "quadratus lumborum"
        ],
        "answer": 2,
        "th_question": "นักวิ่งมาราธอนชายวัย 22 ปี เข้าพบแพทย์ที่คลินิกด้วยอาการปวดซี่โครงด้านขวาเมื่อวิ่งระยะไกล การตรวจร่างกายพบว่าหัวใจและปอดปกติ แต่มีความผิดปกติของการหายใจออกที่ซี่โครงที่ 4-5 ด้านขวา กล้ามเนื้อหรือกลุ่มกล้ามเนื้อใดที่จะมีประโยชน์ที่สุดในการแก้ไขความผิดปกตินี้โดยใช้วิธีโดยตรง?",
        "th_choices": [
            "anterior scalene",
            "latissimus dorsi",
            "pectoralis minor",
            "quadratus lumborum"
        ]
    },
    {
        "question": "A 44-year-old man comes to the office because of a 3-day history of sore throat, nonproductive cough, runny nose, and frontal headache. He says the headache is worse in the morning and ibuprofen does provide some relief. He has not had shortness of breath. Medical history is unremarkable. He takes no medications other than the ibuprofen for pain. Vital signs are temperature 37.4°C (99.4°F), pulse 88/min, respirations 18/min, and blood pressure 120/84 mm Hg. Examination of the nares shows erythematous mucous membranes. Examination of the throat shows erythema and follicular lymphoid hyperplasia on the posterior oropharynx. There is no palpable cervical adenopathy. Lungs are clear to auscultation. Which of the following is the most likely cause of this patient's symptoms?",
        "subject": "professional_medicine",
        "choices": [
            "Allergic rhinitis",
            "Epstein-Barr virus",
            "Mycoplasma pneumoniae",
            "Rhinovirus"
        ],
        "answer": 3,
        "th_question": "ชายวัย 44 ปี เข้ามาที่คลินิกเนื่องจากมีประวัติอาการเจ็บคอ ไอไม่มีเสมหะ มีน้ำมูก และปวดหัวด้านหน้ามา 3 วัน เขาบอกว่าอาการปวดหัวแย่ลงในตอนเช้า และไอบูโพรเฟนช่วยบรรเทาได้บ้าง เขาไม่มีอาการหายใจถี่ ประวัติการรักษาไม่มีอะไรน่าสังเกต เขาไม่ได้รับยาอื่นๆ นอกจากไอบูโพรเฟนเพื่อบรรเทาอาการปวด สัญญาณชีพคือ อุณหภูมิ 37.4°C (99.4°F), ชีพจร 88/นาที, การหายใจ 18/นาที, และความดันโลหิต 120/84 มม. ปรอท การตรวจสอบโพรงจมูกแสดงให้เห็นเยื่อเมือกที่มีสีแดง การตรวจสอบลำคอแสดงให้เห็นอาการแดงและการเพิ่มขนาดของเนื้อเยื่อน้ำเหลืองที่หลังโพรงคอ ไม่มีต่อมน้ำเหลืองที่คอที่สามารถสัมผัสได้ ปอดฟังดูปกติ สาเหตุที่น่าจะเป็นไปได้มากที่สุดของอาการของผู้ป่วยคนนี้คืออะไร?",
        "th_choices": [
            "Allergic rhinitis",
            "Epstein-Barr virus",
            "Mycoplasma pneumoniae",
            "Rhinovirus"
        ]
    },
    {
        "question": "A previously healthy 32-year-old woman comes to the physician 8 months after her husband was killed in a car crash. Since that time, she has had a decreased appetite and difficulty falling asleep. She states that she is often sad and cries frequently. She has been rechecking the door lock five times before leaving her house and has to count exactly five pieces of toilet paper before she uses it. She says that she has always been a perfectionist but these urges and rituals are new. Pharmacotherapy should be targeted to which of the following neurotransmitters?",
        "subject": "professional_medicine",
        "choices": [
            "Dopamine",
            "Glutamate",
            "Norepinephrine",
            "Serotonin"
        ],
        "answer": 3,
        "th_question": "หญิงสาววัย 32 ปี ที่มีสุขภาพดีมาก่อน มาพบแพทย์หลังจากสามีเธอเสียชีวิตจากอุบัติเหตุรถชนเมื่อ 8 เดือนก่อน นับตั้งแต่นั้นมา เธอมีอาการเบื่ออาหารและมีปัญหาในการหลับ  เธอบอกว่าเธอมักจะรู้สึกเศร้าและร้องไห้บ่อยครั้ง เธอได้ตรวจสอบกุญแจประตูบ้านถึงห้าครั้งก่อนที่จะออกจากบ้าน และต้องนับกระดาษชำระจำนวนห้าแผ่นก่อนที่จะใช้งาน เธอบอกว่าเธอเป็นคนที่ชอบความสมบูรณ์แบบมาตลอด แต่ความต้องการและพิธีกรรมเหล่านี้เป็นสิ่งใหม่ การรักษาด้วยยาควรเน้นไปที่สารสื่อประสาทใดต่อไปนี้?",
        "th_choices": [
            "Dopamine",
            "Glutamate",
            "Norepinephrine",
            "Serotonin"
        ]
    },
    {
        "question": "A 36-year-old male presents to the office with a 3-week history of low back pain. He denies any recent trauma but says that he climbs in and out of his truck numerous times a day for his job. Examination of the patient in the prone position reveals a deep sacral sulcus on the left, a posterior inferior lateral angle on the right, and a lumbosacral junction that springs freely on compression. The most likely diagnosis is",
        "subject": "professional_medicine",
        "choices": [
            "left-on-left sacral torsion",
            "left-on-right sacral torsion",
            "right unilateral sacral flexion",
            "right-on-right sacral torsion"
        ],
        "answer": 3,
        "th_question": "ชายวัย 36 ปี เข้าพบแพทย์ที่คลินิกด้วยประวัติการปวดหลังส่วนล่างมา 3 สัปดาห์ เขาปฏิเสธการได้รับบาดเจ็บล่าสุด แต่บอกว่าเขาต้องขึ้นและลงจากรถบรรทุกหลายครั้งต่อวันเนื่องจากงานของเขา การตรวจสอบผู้ป่วยในท่านอนคว่ำเผยให้เห็นถึงร่องสันหลังลึกทางด้านซ้าย มุมล่างด้านหลังภายในทางด้านขวา และข้อต่อกระดูกสันหลังกับกระดูกเชิงกรานที่ยืดหยุ่นได้เมื่อถูกกด การวินิจฉัยที่น่าจะเป็นที่สุดคือ",
        "th_choices": [
            "left-on-left sacral torsion",
            "left-on-right sacral torsion",
            "right unilateral sacral flexion",
            "right-on-right sacral torsion"
        ]
    }
]
