[
    {
        "question": "What should a public relations media practitioner do if she does not know the answer to a reporter's question?",
        "subject": "public_relations",
        "choices": [
            "Give the reporter other information she is certain is correct.",
            "Say that the information is 'off the record' and will be disseminated later.",
            "Say 'I don't know' and promise to provide the information later.",
            "Say 'no comment,' rather than appear uninformed."
        ],
        "answer": 2,
        "th_question": "นักปฏิบัติการสื่อสารสาธารณะควรทำอย่างไรหากเธอไม่ทราบคำตอบของคำถามจากผู้สื่อข่าว?",
        "th_choices": [
            "ให้ข้อมูลอื่นๆ กับผู้สื่อข่าวที่เธอมั่นใจว่าถูกต้อง",
            "บอกว่าข้อมูลนั้นเป็น 'off the record' และจะถูกเผยแพร่ในภายหลัง",
            "บอกว่า 'ฉันไม่ทราบ' และสัญญาว่าจะให้ข้อมูลในภายหลัง",
            "บอกว่า 'ไม่มีความเห็น' แทนที่จะปรากฏว่าไม่รู้เรื่อง"
        ]
    },
    {
        "question": "In issues management, what is the most proactive approach to addressing negative or misleading information posted online about your organization?",
        "subject": "public_relations",
        "choices": [
            "Buy domain names that could be used by opposition groups.",
            "Post anonymous comments on blogs to combat this information.",
            "Prepare a news release that discredits the inaccurate information.",
            "Make policy changes to address complaints highlighted on these sites."
        ],
        "answer": 3,
        "th_question": "ในการจัดการปัญหา วิธีการที่เป็นรูปธรรมที่สุดในการจัดการกับข้อมูลเชิงลบหรือที่ผิดพลาดที่ถูกโพสต์ออนไลน์เกี่ยวกับองค์กรของคุณคืออะไร?",
        "th_choices": [
            "ซื้อชื่อโดเมนที่อาจถูกใช้โดยกลุ่มต่อต้าน",
            "โพสต์ความคิดเห็นอย่างไม่เปิดเผยชื่อบนบล็อกเพื่อต่อสู้กับข้อมูลนี้",
            "เตรียมข่าวประชาสัมพันธ์ที่ทำให้ข้อมูลที่ไม่ถูกต้องนั้นสูญเสียความน่าเชื่อถือ",
            "ทำการเปลี่ยนแปลงนโยบายเพื่อจัดการกับข้อร้องเรียนที่ถูกเน้นย้ำบนเว็บไซต์เหล่านี้"
        ]
    },
    {
        "question": "At which stage in the planning process would a situation analysis be carried out?",
        "subject": "public_relations",
        "choices": [
            "Defining the program",
            "Planning the program",
            "Taking action and implementing ideas",
            "Evaluation of the program"
        ],
        "answer": 0,
        "th_question": "ในขั้นตอนใดของกระบวนการวางแผนที่การวิเคราะห์สถานการณ์จะถูกดำเนินการ?",
        "th_choices": [
            "การกำหนดโปรแกรม",
            "การวางแผนโปรแกรม",
            "การดำเนินการและการนำไอเดียไปใช้",
            "การประเมินผลโปรแกรม"
        ]
    },
    {
        "question": "Which of these statements is true of the Vatican in 2010 at the time of the accusations of child abuse cover-ups?",
        "subject": "public_relations",
        "choices": [
            "There was a coordinated media response.",
            "Consistent messages were communicated.",
            "Criticisms were taken as attacks on the Catholic Church.",
            "The credibility of the Vatican was upheld."
        ],
        "answer": 2,
        "th_question": "ข้อใดต่อไปนี้เป็นความจริงเกี่ยวกับวาติกันในปี 2010 ณ เวลาที่มีการกล่าวหาการปกปิดการล่วงละเมิดเด็ก?",
        "th_choices": [
            "มีการตอบสนองจากสื่ออย่างมีการประสานงานกัน",
            "ข้อความที่สื่อสารออกมามีความสอดคล้องกัน",
            "การวิพากษ์วิจารณ์ถูกมองว่าเป็นการโจมตีศาสนจักรคาทอลิก",
            "ความน่าเชื่อถือของวาติกันได้รับการยืนยัน"
        ]
    },
    {
        "question": "Earth Hour was a campaign launched by which organization?",
        "subject": "public_relations",
        "choices": [
            "Greenpeace",
            "The UN",
            "Oxfam",
            "World Wildlife Fund"
        ],
        "answer": 3,
        "th_question": "Earth Hour เป็นแคมเปญที่ถูกเปิดตัวโดยองค์กรใด?",
        "th_choices": [
            "Greenpeace",
            "สหประชาชาติ",
            "Oxfam",
            "World Wildlife Fund"
        ]
    }
]
