[
    {
        "question": "This question refers to the following information.\nThe following excerpt is from a pamphlet.\nYou will do me the justice to remember, that I have always strenuously supported the Right of every man to his own opinion, however different that opinion might be to mine. He who denies to another this right, makes a slave of himself to his present opinion, because he precludes himself the right of changing it.\nThe most formidable weapon against errors of every kind is Reason. I have never used any other, and I trust I never shall.\nThe circumstance that has now taken place in France of the total abolition of the whole national order of priesthood, and of everything appertaining to compulsive systems of religion, and compulsive articles of faith, has not only precipitated my intention, but rendered a work of this kind exceedingly necessary, lest in the general wreck of superstition, of false systems of government, and false theology, we lose sight of morality, of humanity, and of the theology that is true.\nI believe in one God, and no more; and I hope for happiness beyond this life.\nI believe in the equality of man; and I believe that religious duties consist in doing justice, loving mercy, and endeavoring to make our fellow-creatures happy.\nI do not believe in the creed professed by the Jewish church, by the Roman church, by the Greek church, by the Turkish church, by the Protestant church, nor by any church that I know of. My own mind is my own church.\nAll national institutions of churches, whether Jewish, Christian or Turkish, appear to me no other than human inventions, set up to terrify and enslave mankind, and monopolize power and profit.\nI do not mean by this declaration to condemn those who believe otherwise; they have the same right to their belief as I have to mine.\n—Thomas Paine, The Age of Reason, 1794–1795\nWhich of the following Enlightenment philosophes designed a system of checks and balances for government to avoid abuses of power?",
        "subject": "high_school_european_history",
        "choices": [
            "Jean Jacques Rousseau",
            "Baron Montesquieu",
            "Mary Wollstonecraft",
            "Adam Smith"
        ],
        "answer": 1,
        "th_question": "คำถามนี้อ้างอิงข้อมูลต่อไปนี้ข้อความต่อไปนี้มาจากแผ่นพับคุณจะทำให้ฉันยุติธรรมด้วยการจำไว้ว่า ฉันได้สนับสนุนสิทธิ์ของทุกคนในการมีความเห็นของตนเองอย่างเต็มที่ ไม่ว่าความเห็นนั้นจะแตกต่างจากของฉันอย่างไร ผู้ที่ปฏิเสธสิทธิ์นี้ให้กับผู้อื่น ทำให้ตัวเองกลายเป็นทาสของความเห็นปัจจุบันของตนเอง เพราะเขาปิดกั้นสิทธิ์ในการเปลี่ยนแปลงมันอาวุธที่น่ากลัวที่สุดต่อข้อผิดพลาดทุกประเภทคือเหตุผล ฉันไม่เคยใช้อาวุธอื่น และฉันหวังว่าฉันจะไม่มีวันใช้เหตุการณ์ที่เกิดขึ้นในฝรั่งเศสของการยกเลิกทั้งหมดของระเบียบชาติของพระสงฆ์ และทุกสิ่งที่เกี่ยวข้องกับระบบศาสนาที่บังคับ และบทความของความเชื่อที่บังคับ ไม่เพียงแต่ทำให้ความตั้งใจของฉันเร่งด่วนขึ้น แต่ยังทำให้งานประเภทนี้จำเป็นอย่างยิ่ง ไม่ให้เราสูญเสียมรดกของศีลธรรม มนุษยธรรม และธรรมมะที่เป็นจริงในซากปรักหักพังของความเชื่อผิดๆ ระบบการปกครองที่ผิดๆ และธรรมมะที่ผิดๆฉันเชื่อในพระเจ้าเพียงหนึ่งเดียว และไม่มีอีก; และฉันหวังว่าจะมีความสุขหลังจากชีวิตนี้ฉันเชื่อในความเท่าเทียมของมนุษย์; และฉันเชื่อว่าหน้าที่ทางศาสนาประกอบด้วยการทำความยุติธรรม รักความเมตตา และพยายามทำให้เพื่อนมนุษย์มีความสุขฉันไม่เชื่อในคำสารภาพศรัทธาที่สารภาพโดยศาสนจักรยิว ศาสนจักรโรมัน ศาสนจักรกรีก ศาสนจักรตุรกี ศาสนจักรโปรเตสแตนต์ หรือศาสนจักรใดๆ ที่ฉันรู้จัก จิตใจของฉันคือศาสนจักรของฉันเองสถาบันชาติของศาสนจักรทั้งหมด ไม่ว่าจะเป็นยิว คริสเตียน หรือตุรกี ดูเหมือนกับฉันไม่มีอะไรมากไปกว่าการประดิษฐ์ของมนุษย์ ตั้งขึ้นเพื่อทำให้มนุษย์หวาดกลัวและเป็นทาส และผูกขาดอำนาจและผลประโยชน์ฉันไม่ได้หมายความจากการประกาศนี้ว่าจะประณามผู้ที่เชื่ออย่างอื่น; พวกเขามีสิทธิ์ในความเชื่อของพวกเขาเช่นเดียวกับที่ฉันมีสิทธิ์ในความเชื่อของฉัน—Thomas Paine, The Age of Reason, 1794–1795ใครจากนักปรัชญายุคแสงสว่างออกแบบระบบการตรวจสอบและถ่วงดุลสำหรับรัฐบาลเพื่อหลีกเลี่ยงการละเมิดอำนาจ?",
        "th_choices": [
            "Jean Jacques Rousseau",
            "Baron Montesquieu",
            "Mary Wollstonecraft",
            "Adam Smith"
        ]
    },
    {
        "question": "This question refers to the following information.\nThe excerpts below are from the Navigation Acts of 1651.\n[A]fter the first day of December, one thousand six hundred fifty and one, and from thence forwards, no goods or commodities whatsoever of the growth, production or manufacture of Asia, Africa or America, or of any part thereof; or of any islands belonging to them, or which are described or laid down in the usual maps or cards of those places, as well of the English plantations as others, shall be imported or brought into this Commonwealth of England, or into Ireland, or any other lands, islands, plantations, or territories to this Commonwealth belonging, or in their possession, in any other ship or ships, vessel or vessels whatsoever, but only in such as do truly and without fraud belong only to the people of this Commonwealth, or the plantations thereof, as the proprietors or right owners thereof; and whereof the master and mariners are also of the people of this Commonwealth, under the penalty of the forfeiture and loss of all the goods that shall be imported contrary to this act, , , ,\n[N]o goods or commodities of the growth, production, or manufacture of Europe, or of any part thereof, shall after the first day of December, one thousand six hundred fifty and one, be imported or brought into this Commonwealth of England, or any other lands or territories to this Commonwealth belonging, or in their possession, in any ship or ships, vessel or vessels whatsoever, but in such as do truly and without fraud belong only to the people of this Commonwealth, and in no other, except only such foreign ships and vessels as do truly and properly belong to the people of that country or place, of which the said goods are the growth, production or manufacture.\nWhich of the following best describes the outcome of the Navigation Acts of 1651?",
        "subject": "high_school_european_history",
        "choices": [
            "They served as a catalyst for the growth of English shipping and overseas trade, but did little to limit the prospects of the Dutch in the seventeenth century.",
            "They brought about almost immediate hardships for the Dutch economy as their dominance of overseas trade quickly ended.",
            "They were rescinded during the restoration of the Stuarts as they sought normal diplomatic relations with the Dutch so not as to need Parliament's financial support for war.",
            "They led to nearly a century of recurrent war between England and the Netherlands, which would not end until after American independence."
        ],
        "answer": 0,
        "th_question": "คำถามนี้อ้างอิงถึงข้อมูลต่อไปนี้。ข้อความด้านล่างนี้มาจาก Navigation Acts ปี 1651หลังจากวันที่หนึ่งเดือนธันวาคม พ.ศ. 2094 และจากนั้นเป็นต้นไป ไม่มีสินค้าหรือสินค้าใดๆ ที่เป็นผลผลิต การผลิต หรือการทำของเอเชีย แอฟริกา หรืออเมริกา หรือส่วนใดส่วนหนึ่งของพวกเขา; หรือของเกาะใดๆ ที่เป็นของพวกเขา หรือที่ถูกอธิบายหรือวางไว้ในแผนที่หรือแผนผังทั่วไปของสถานที่เหล่านั้น ทั้งของการปลูกสร้างของอังกฤษและของอื่นๆ จะไม่ถูกนำเข้าหรือนำมายังสาธารณรัฐอังกฤษนี้ หรือไอร์แลนด์ หรือดินแดน หมู่เกาะ การปลูกสร้าง หรือดินแดนใดๆ ที่เป็นของสาธารณรัฐนี้ หรืออยู่ในครอบครองของพวกเขา ในเรือหรือเรือใดๆ ที่ไม่ใช่เรือที่เป็นของประชาชนของสาธารณรัฐนี้อย่างแท้จริงและไม่มีการฉ้อโกง หรือของการปลูกสร้างของพวกเขาเท่านั้น เป็นเจ้าของหรือเจ้าของที่ถูกต้อง และที่ซึ่งกัปตันและลูกเรือก็เป็นประชาชนของสาธารณรัฐนี้ ภายใต้โทษของการยึดและสูญเสียสินค้าทั้งหมดที่จะถูกนำเข้าขัดต่อกฎหมายนี้ไม่มีสินค้าหรือสินค้าใดๆ ที่เป็นผลผลิต การผลิต หรือการทำของยุโรป หรือส่วนใดส่วนหนึ่งของพวกเขา หลังจากวันที่หนึ่งเดือนธันวาคม พ.ศ. 2094 จะถูกนำเข้าหรือนำมายังสาธารณรัฐอังกฤษนี้ หรือดินแดนหรือดินแดนใดๆ ที่เป็นของสาธารณรัฐนี้ หรืออยู่ในครอบครองของพวกเขา ในเรือหรือเรือใดๆ ที่ไม่ใช่เรือที่เป็นของประชาชนของสาธารณรัฐนี้อย่างแท้จริงและไม่มีการฉ้อโกง และไม่ใช่เรืออื่นใด ยกเว้นเฉพาะเรือต่างประเทศและเรือที่เป็นของประชาชนของประเทศหรือสถานที่นั้นๆ ที่สินค้าเหล่านั้นเป็นผลผลิต การผลิต หรือการทำข้อใดต่อไปนี้อธิบายผลลัพธ์ของ Navigation Acts ปี 1651 ได้ดีที่สุด?",
        "th_choices": [
            "พวกเขาทำหน้าที่เป็นตัวกระตุ้นให้เกิดการเติบโตของการขนส่งทางเรือและการค้าต่างประเทศของอังกฤษ แต่ไม่ได้ช่วยจำกัดโอกาสของดัตช์ในศตวรรษที่สิบเจ็ด",
            "พวกเขานำมาซึ่งความยากลำบากอย่างเกือบทันทีสำหรับเศรษฐกิจดัตช์ เนื่องจากการครองการค้าต่างประเทศของพวกเขาสิ้นสุดลงอย่างรวดเร็ว",
            "พวกเขาถูกยกเลิกในระหว่างการฟื้นฟูของสติวาร์ต เนื่องจากพวกเขาต้องการความสัมพันธ์ทางการทูตที่ปกติกับดัตช์ เพื่อไม่ต้องการการสนับสนุนทางการเงินจากสภาสำหรับสงคราม",
            "พวกเขานำไปสู่สงครามที่เกิดขึ้นซ้ำๆ ระหว่างอังกฤษและเนเธอร์แลนด์ ซึ่งจะไม่สิ้นสุดจนกระทั่งหลังจากการประกาศอิสรภาพของอเมริกา"
        ]
    },
    {
        "question": "This question refers to the following information.\nIn Russia there was nothing going on well, and [Souvarine] was in despair over the news he had received. His old companions were all turning to the politicians; the famous Nihilists who made Europe tremble-sons of village priests, of the lower middle class, of tradesmen-could not rise above the idea of national liberation, and seemed to believe that the world would be delivered-when they had killed their despot&…\n\"Foolery! They'll never get out of it with their foolery.\"\nThen, lowering his voice still more, in a few bitter words he described his old dream of fraternity. He had renounced his rank and his fortune; he had gone among workmen, only in the hope of seeing at last the foundation of a new society of labour in common. All the sous in his pockets had long gone to the urchins of the settlement; he had been as tender as a brother with the colliers, smiling at their suspicion, winning them over by his quiet workmanlike ways and his dislike of chattering. But decidedly the fusion had not taken place.\nHis voice changed, his eyes grew bright, he fixed them on étienne, directly addressing him:\n\"Now, do you understand that? These hatworkers at Marseilles who have won the great lottery prize of a hundred thousand francs have gone off at once and invested it, declaring that they are going to live without doing anything! Yes, that is your idea, all of you French workmen; you want to unearth a treasure in order to devour it alone afterwards in some lazy, selfish corner. You may cry out as much as you like against the rich, you haven't got courage enough to give back to the poor the money that luck brings you. You will never be worthy of happiness as long as you own anything, and your hatred of the bourgeois proceeds solely from an angry desire to be bourgeois yourselves in their place.\"\némile Zola, French writer, Germinal, 1885\nThe passage displays the direct concern for the welfare of the working classes that was typically a part of which movement?",
        "subject": "high_school_european_history",
        "choices": [
            "Capitalist",
            "Scientific",
            "Communist",
            "Existentialist"
        ],
        "answer": 2,
        "th_question": "คำถามนี้อ้างอิงถึงข้อมูลต่อไปนี้ในรัสเซียไม่มีอะไรดีขึ้นเลย และ [Souvarine] รู้สึกสิ้นหวังกับข่าวที่เขาได้รับ พวกเพื่อนเก่าของเขาทั้งหมดหันไปหานักการเมือง; นักนิยมชื่อดังที่ทำให้ยุโรปสั่นสะเทือน-บุตรชายของพระสงฆ์ในหมู่บ้าน, ชนชั้นกลางล่าง, พ่อค้า-ไม่สามารถยกระดับความคิดเหนือกว่าการปลดปล่อยชาติได้ และดูเหมือนจะเชื่อว่าโลกจะได้รับการปลดปล่อย-เมื่อพวกเขาฆ่าผู้ปกครองทรราชของพวกเขา&…'ความโง่เขลา! พวกเขาจะไม่มีทางออกจากมันด้วยความโง่เขลาของพวกเขา'จากนั้น เขาลดเสียงลงอีก ด้วยคำพูดที่ขมขื่นไม่กี่คำ เขาได้อธิบายถึงความฝันเก่าของเขาเกี่ยวกับความเป็นพี่น้อง เขาได้ละทิ้งตำแหน่งและทรัพย์สินของเขา; เขาได้ไปอยู่กับคนงาน เพียงเพื่อหวังว่าจะได้เห็นการก่อตั้งสังคมใหม่ของการทำงานร่วมกันในที่สุด ทุกสตางค์ในกระเป๋าของเขาได้หายไปนานแล้วกับเด็กๆ ในชุมชน; เขาได้เป็นพี่ชายที่อ่อนโยนกับคนงานเหมืองถ่านหิน ยิ้มให้กับความสงสัยของพวกเขา ชนะใจพวกเขาด้วยวิธีการทำงานที่เงียบสงบและไม่ชอบพูดมาก แต่อย่างชัดเจนการผสานรวมกันนั้นไม่เกิดขึ้นเสียงของเขาเปลี่ยนไป ดวงตาของเขาสว่างขึ้น เขาจ้องมองไปที่ étienne โดยตรงพูดกับเขา:'ตอนนี้ คุณเข้าใจหรือไม่? คนทำหมวกที่มาร์เซย์ที่ได้รับรางวัลลอตเตอรี่ใหญ่หนึ่งแสนฟรังก์ได้ไปลงทุนทันที ประกาศว่าพวกเขาจะใช้ชีวิตโดยไม่ทำอะไร! ใช่ นั่นคือความคิดของคุณทุกคน คนงานชาวฝรั่งเศส; คุณต้องการค้นหาสมบัติเพื่อที่จะกินมันคนเดียวต่อไปในมุมที่เกียจคร้านและเห็นแก่ตัว คุณอาจตะโกนออกมามากเท่าที่คุณต้องการต่อต้านคนรวย คุณไม่มีความกล้าพอที่จะคืนเงินให้กับคนจนที่โชคชะตานำมาให้ คุณจะไม่มีวันคู่ควรกับความสุขตราบเท่าที่คุณมีทรัพย์สิน และความเกลียดชังของคุณต่อชนชั้นบูร์ชัวส์มาจากความปรารถนาที่โกรธเคืองที่จะเป็นบูร์ชัวส์แทนพวกเขา'émile Zola, นักเขียนชาวฝรั่งเศส, Germinal, 1885ตอนนี้แสดงความกังวลโดยตรงเกี่ยวกับสวัสดิการของชนชั้นแรงงานที่โดยทั่วไปเป็นส่วนหนึ่งของการเคลื่อนไหวใด?",
        "th_choices": [
            "ทุนนิยม",
            "วิทยาศาสตร์",
            "คอมมิวนิสต์",
            "อุดมการณ์"
        ]
    },
    {
        "question": "This question refers to the following information.\nRead the following excerpt.\nThe revolutionary seed had penetrated into every country and spread more or less. It was greatly developed under the régime of the military despotism of Bonaparte. His conquests displaced a number of laws, institutions, and customs; broke through bonds sacred among all nations, strong enough to resist time itself; which is more than can be said of certain benefits conferred by these innovators.\nThe monarchs will fulfil the duties imposed upon them by Him who, by entrusting them with power, has charged them to watch over the maintenance of justice, and the rights of all, to avoid the paths of error, and tread firmly in the way of truth. Placed beyond the passions which agitate society, it is in days of trial chiefly that they are called upon to despoil realities of their false appearances, and to show themselves as they are, fathers invested with the authority belonging by right to the heads of families, to prove that, in days of mourning, they know how to be just, wise, and therefore strong, and that they will not abandon the people whom they ought to govern to be the sport of factions, to error and its consequences, which must involve the loss of society.\nUnion between the monarchs is the basis of the policy which must now be followed to save society from total ruin. . . .\nLet them not confound concessions made to parties with the good they ought to do for their people, in modifying, according to their recognized needs, such branches of the administration as require it.\nLet them be just, but strong; beneficent, but strict.\nLet them maintain religious principles in all their purity, and not allow the faith to be attacked and morality interpreted according to the social contract or the visions of foolish sectarians.\nLet them suppress Secret Societies; that gangrene of society.\n—Klemens von Metternich, Political Confession of Faith, 1820\nWhich of the following was the greatest cause of the fears expressed by Metternich in the document above?",
        "subject": "high_school_european_history",
        "choices": [
            "The ideas of personal liberty and nationalism conceived during the Enlightenment resulted in radical revolutions that could spread throughout Europe.",
            "The conquest of Europe by Napoleon led to the creation of new factions and shifted the European balance of power.",
            "The power of monarchs had grown to the point where it needed to be checked by other powers within each nation or domination of civilians would occur.",
            "The rising and falling economic cycle of the newly emerging capitalist economy could lead to civilian unrest that must be suppressed."
        ],
        "answer": 0,
        "th_question": "คำถามนี้อ้างอิงถึงข้อมูลต่อไปนี้อ่านข้อความต่อไปนี้เมล็ดพันธุ์แห่งการปฏิวัติได้แทรกซึมเข้าไปในทุกประเทศและแพร่กระจายมากหรือน้อยมันได้รับการพัฒนาอย่างมากภายใต้ระบอบการปกครองแบบเผด็จการทางทหารของ Bonaparte การพิชิตของเขาได้ทำให้กฎหมาย สถาบัน และประเพณีต่างๆ เปลี่ยนแปลงไป ทำลายพันธะที่ศักดิ์สิทธิ์ในหมู่ประเทศทั้งหมด แข็งแกร่งพอที่จะต้านทานกาลเวลาเอง ซึ่งเป็นสิ่งที่ไม่สามารถพูดได้เกี่ยวกับผลประโยชน์บางอย่างที่ได้รับจากนวัตกรรมเหล่านี้พระมหากษัตริย์จะปฏิบัติตามหน้าที่ที่ถูกกำหนดให้โดยพระองค์ที่ได้มอบอำนาจให้แก่พวกเขา มีหน้าที่ดูแลการรักษาความยุติธรรม และสิทธิของทุกคน เพื่อหลีกเลี่ยงเส้นทางแห่งความผิดพลาด และเดินหน้าอย่างมั่นคงในทางแห่งความจริง ถูกวางไว้เหนือความหลงใหลที่กระตุ้นสังคม ในวันที่ทดสอบเป็นหลัก พวกเขาถูกเรียกให้ถอดความเป็นจริงออกจากภาพลวงตาที่เท็จ และแสดงตัวเองอย่างที่พวกเขาเป็น พ่อที่มีอำนาจตามสิทธิ์ที่เป็นของหัวหน้าครอบครัว เพื่อพิสูจน์ว่า ในวันที่มีการไว้ทุกข์ พวกเขารู้จักการเป็นธรรม มีปัญญา และด้วยเหตุนี้จึงแข็งแกร่ง และพวกเขาจะไม่ทอดทิ้งประชาชนที่พวกเขาควรจะปกครองให้เป็นเครื่องเล่นของฝ่ายต่างๆ ต่อความผิดพลาดและผลที่ตามมา ซึ่งต้องนำไปสู่การสูญเสียของสังคมการรวมกันของพระมหากษัตริย์เป็นพื้นฐานของนโยบายที่ต้องปฏิบัติตามในขณะนี้เพื่อช่วยสังคมจากการล่มสลายอย่างสมบูรณ์ . . .อย่าให้พวกเขาสับสนระหว่างการยอมรับที่ทำให้กับฝ่ายต่างๆ กับสิ่งที่ดีที่พวกเขาควรทำเพื่อประชาชนของพวกเขา โดยการปรับเปลี่ยนตามความต้องการที่ได้รับการยอมรับ สาขาของการบริหารที่ต้องการให้พวกเขาเป็นธรรม แต่แข็งแกร่ง ให้ความช่วยเหลือ แต่เข้มงวดให้พวกเขารักษาหลักการทางศาสนาในความบริสุทธิ์ทั้งหมด และไม่อนุญาตให้ศรัทธาถูกโจมตีและศีลธรรมถูกตีความตามสัญญาสังคมหรือวิสัยทัศน์ของนักลัทธิที่โง่เขลาให้พวกเขาปราบปรามสมาคมลับ โรคร้ายของสังคม—Klemens von Metternich, Political Confession of Faith, 1820ปัจจัยใดต่อไปนี้เป็นสาเหตุที่ใหญ่ที่สุดของความกลัวที่ Metternich แสดงออกมาในเอกสารข้างต้น?",
        "th_choices": [
            "ความคิดเห็นเรื่องอิสระส่วนบุคคลและชาตินิยมที่ถูกคิดค้นขึ้นในช่วงยุคแสงสว่าง ทำให้เกิดการปฏิวัติรุนแรงที่สามารถแพร่กระจายไปทั่วยุโรป",
            "การพิชิตยุโรปโดย Napoleon นำไปสู่การสร้างฝ่ายใหม่และเปลี่ยนแปลงสมดุลอำนาจในยุโรป",
            "อำนาจของพระมหากษัตริย์ได้เติบโตจนถึงจุดที่ต้องถูกตรวจสอบโดยอำนาจอื่นๆ ภายในแต่ละประเทศหรือการปกครองประชาชนจะเกิดขึ้น",
            "วัฏจักรขึ้นและลงของเศรษฐกิจที่เกิดใหม่ของระบบทุนนิยมอาจนำไปสู่ความไม่สงบของประชาชนที่ต้องถูกปราบปราม"
        ]
    },
    {
        "question": "This question refers to the following information.\nAlbeit the king's Majesty justly and rightfully is and ought to be the supreme head of the Church of England, and so is recognized by the clergy of this realm in their convocations, yet nevertheless, for corroboration and confirmation thereof, and for increase of virtue in Christ's religion within this realm of England, and to repress and extirpate all errors, heresies, and other enormities and abuses heretofore used in the same, be it enacted, by authority of this present Parliament, that the king, our sovereign lord, his heirs and successors, kings of this realm, shall be taken, accepted, and reputed the only supreme head in earth of the Church of England, called Anglicans Ecclesia; and shall have and enjoy, annexed and united to the imperial crown of this realm, as well the title and style thereof, as all honors, dignities, preeminences, jurisdictions, privileges, authorities, immunities, profits, and commodities to the said dignity of the supreme head of the same Church belonging and appertaining; and that our said sovereign lord, his heirs and successors, kings of this realm, shall have full power and authority from time to time to visit, repress, redress, record, order, correct, restrain, and amend all such errors, heresies, abuses, offenses, contempts, and enormities, whatsoever they be, which by any manner of spiritual authority or jurisdiction ought or may lawfully be reformed, repressed, ordered, redressed, corrected, restrained, or amended, most to the pleasure of Almighty God, the increase of virtue in Christ's religion, and for the conservation of the peace, unity, and tranquility of this realm; any usage, foreign land, foreign authority, prescription, or any other thing or things to the contrary hereof notwithstanding.\nEnglish Parliament, Act of Supremacy, 1534\nFrom the passage, one may infer that the English Parliament wished to argue that the Act of Supremacy would",
        "subject": "high_school_european_history",
        "choices": [
            "give the English king a new position of authority",
            "give the position of head of the Church of England to Henry VIII alone and exclude his heirs",
            "establish Calvinism as the one true theology in England",
            "end various forms of corruption plaguing the Church in England"
        ],
        "answer": 3,
        "th_question": "คำถามนี้อ้างอิงข้อมูลต่อไปนี้แม้ว่าพระเจ้าแผ่นดินจะถูกต้องและเป็นธรรมอย่างยุติธรรมในการเป็นประมุขสูงสุดของคริสตจักรแห่งอังกฤษอย่างถูกต้อง และจึงได้รับการยอมรับจากพระสงฆ์ในอาณาจักรนี้ในการประชุมของพวกเขา แต่อย่างไรก็ตาม เพื่อการยืนยันและการยืนยันอีกครั้ง และเพื่อเพิ่มคุณธรรมในศาสนาคริสต์ภายในอาณาจักรแห่งอังกฤษนี้ และเพื่อปราบปรามและกำจัดความผิดพลาด ความเป็นเพียงเท็จ และความผิดปกติอื่นๆ และการละเมิดที่เคยใช้ในที่เดียวกัน จึงได้มีการบัญญัติ โดยอำนาจของรัฐสภาในปัจจุบันนี้ ว่าพระเจ้าแผ่นดินของเรา พระองค์ทายาทและผู้สืบทอด พระมหากษัตริย์แห่งอาณาจักรนี้ จะถูกยอมรับและถือว่าเป็นประมุขสูงสุดเพียงผู้เดียวบนโลกของคริสตจักรแห่งอังกฤษ ที่เรียกว่า Anglicans Ecclesia; และจะได้รับและเพลิดเพลินไปกับ ทั้งตำแหน่งและสไตล์ของตำแหน่งนั้น รวมถึงทุกเกียรติยศ ศักดิ์ศรี ความเป็นเลิศ อำนาจการปกครอง สิทธิพิเศษ อำนาจ สิทธิการยกเว้น ผลประโยชน์ และสิ่งที่ดีทั้งหมดที่เกี่ยวข้องและเป็นส่วนหนึ่งของตำแหน่งประมุขสูงสุดของคริสตจักรนั้น; และว่าพระเจ้าแผ่นดินของเรา พระองค์ทายาทและผู้สืบทอด พระมหากษัตริย์แห่งอาณาจักรนี้ จะมีอำนาจและอำนาจเต็มที่จากเวลาสู่เวลาในการตรวจสอบ ปราบปราม แก้ไข บันทึก จัดระเบียบ แก้ไข ควบคุม และแก้ไขความผิดพลาด ความเป็นเพียงเท็จ การละเมิด การกระทำผิด การดูถูก และความผิดปกติ ไม่ว่าจะเป็นอะไรก็ตาม ซึ่งโดยอำนาจหรืออำนาจการปกครองทางจิตวิญญาณใดๆ ก็ตามที่ควรหรืออาจถูกกฎหมายปฏิรูป ปราบปราม จัดระเบียบ แก้ไข ควบคุม หรือแก้ไข โดยเน้นที่ความพอใจสูงสุดของพระเจ้าทั้งปวง การเพิ่มคุณธรรมในศาสนาคริสต์ และเพื่อการอนุรักษ์สันติภาพ ความเป็นเอกภาพ และความสงบสุขของอาณาจักรนี้; การใช้งาน ดินแดนต่างประเทศ อำนาจต่างประเทศ การสั่งสม หรือสิ่งอื่นใดหรือสิ่งอื่นๆ ที่ขัดแย้งกับที่นี่ไม่ว่าจะเป็นอะไรก็ตามรัฐสภาอังกฤษ, พระราชบัญญัติแห่งความเป็นประมุขสูงสุด, 1534จากข้อความดังกล่าว สามารถสรุปได้ว่ารัฐสภาอังกฤษต้องการโต้แย้งว่า พระราชบัญญัติแห่งความเป็นประมุขสูงสุดจะ",
        "th_choices": [
            "ให้พระเจ้าแผ่นดินแห่งอังกฤษตำแหน่งอำนาจใหม่",
            "ให้ตำแหน่งประมุขสูงสุดของคริสตจักรแห่งอังกฤษแก่เฮนรีที่ 8 เพียงผู้เดียวและไม่รวมทายาทของพระองค์",
            "สถาปนาคาลวินนิซึมเป็นศาสนาจริงเพียงหนึ่งเดียวในอังกฤษ",
            "ยุติรูปแบบต่างๆ ของการทุจริตที่กำลังรบกวนคริสตจักรในอังกฤษ"
        ]
    }
]
