[
    {
        "question": "A mutation in a bacterial enzyme changed a previously polar amino acid into a nonpolar amino acid. This amino acid was located at a site distant from the enzyme’s active site. How might this mutation alter the enzyme’s substrate specificity?",
        "subject": "high_school_biology",
        "choices": [
            "By changing the enzyme’s pH optimum",
            "By changing the enzyme’s location in the cell",
            "By changing the shape of the protein",
            "An amino acid change away from the active site cannot alter the enzyme’s substrate specificity."
        ],
        "answer": 2,
        "th_question": "การกลายพันธุ์ในเอนไซม์แบคทีเรียทำให้กรดอะมิโนที่เดิมเป็นโพลาร์เปลี่ยนเป็นกรดอะมิโนที่ไม่เป็นโพลาร์ กรดอะมิโนนี้ตั้งอยู่ที่ตำแหน่งที่ห่างไกลจากจุดทำงานของเอนไซม์ การกลายพันธุ์นี้อาจเปลี่ยนความจำเพาะของเอนไซม์ต่อสารตั้งต้นได้อย่างไร?",
        "th_choices": [
            "โดยการเปลี่ยนค่า pH ที่เหมาะสมที่สุดของเอนไซม์",
            "โดยการเปลี่ยนตำแหน่งของเอนไซม์ในเซลล์",
            "โดยการเปลี่ยนรูปร่างของโปรตีน",
            "การเปลี่ยนแปลงกรดอะมิโนที่อยู่ห่างจากจุดทำงานไม่สามารถเปลี่ยนความจำเพาะของเอนไซม์ต่อสารตั้งต้นได้"
        ]
    },
    {
        "question": "In animal cells, which of the following represents the most likely pathway that a secretory protein takes as it is synthesized in a cell?",
        "subject": "high_school_biology",
        "choices": [
            "Plasma membrane–Golgi apparatus–ribosome–secretory vesicle–rough ER",
            "Ribosome–Golgi apparatus–rough ER–secretory vesicle–plasma membrane",
            "Plasma membrane–Golgi apparatus–ribosome–secretory vesicle–rough ER",
            "Ribosome–rough ER–Golgi apparatus–secretory vesicle–plasma membrane"
        ],
        "answer": 3,
        "th_question": "ในเซลล์ของสัตว์ ข้อใดต่อไปนี้แสดงถึงเส้นทางที่น่าจะเป็นไปได้มากที่สุดที่โปรตีนที่ถูกหลั่งออกมาจะผ่านขณะที่มันถูกสังเคราะห์ในเซลล์?",
        "th_choices": [
            "เยื่อหุ้มเซลล์–Golgi apparatus–ribosome–ถุงหลั่ง–rough ER",
            "Ribosome–Golgi apparatus–rough ER–ถุงหลั่ง–เยื่อหุ้มเซลล์",
            "เยื่อหุ้มเซลล์–Golgi apparatus–ribosome–ถุงหลั่ง–rough ER",
            "Ribosome–rough ER–Golgi apparatus–ถุงหลั่ง–เยื่อหุ้มเซลล์"
        ]
    },
    {
        "question": "Homologous structures are often cited as evidence for the process of natural selection. All of the following are examples of homologous structures EXCEPT",
        "subject": "high_school_biology",
        "choices": [
            "the wings of a bird and the wings of a bat",
            "the flippers of a whale and the arms of a man",
            "the pectoral fins of a porpoise and the flippers of a seal",
            "the forelegs of an insect and the forelimbs of a dog"
        ],
        "answer": 3,
        "th_question": "โครงสร้างที่เหมือนกันมักถูกอ้างอิงเป็นหลักฐานสำหรับกระบวนการของการคัดเลือกตามธรรมชาติ โครงสร้างที่เหมือนกันทั้งหมดต่อไปนี้เป็นตัวอย่างของโครงสร้างที่เหมือนกันยกเว้น",
        "th_choices": [
            "ปีกของนกและปีกของค้างคาว",
            "ครีบของวาฬและแขนของมนุษย์",
            "ครีบอกของปลาโลมาและครีบของแมวน้ำ",
            "ขาหน้าของแมลงและขาหน้าของสุนัข"
        ]
    },
    {
        "question": "Which of the following is not a way to form recombinant DNA?",
        "subject": "high_school_biology",
        "choices": [
            "Translation",
            "Conjugation",
            "Specialized transduction",
            "Transformation"
        ],
        "answer": 0,
        "th_question": "วิธีใดต่อไปนี้ไม่ใช่วิธีการสร้าง DNA รีคอมบิแนนท์?",
        "th_choices": [
            "การแปลงแปล",
            "การประสาน",
            "การถ่ายทอดเฉพาะ",
            "การเปลี่ยนแปลง"
        ]
    },
    {
        "question": "Which of the following is not known to be involved in the control of cell division?",
        "subject": "high_school_biology",
        "choices": [
            "Cyclins",
            "Protein kinases",
            "Checkpoints",
            "Fibroblast cells"
        ],
        "answer": 3,
        "th_question": "ข้อใดต่อไปนี้ไม่เป็นที่รู้จักว่าเกี่ยวข้องกับการควบคุมการแบ่งเซลล์?",
        "th_choices": [
            "Cyclins",
            "Protein kinases",
            "Checkpoints",
            "Fibroblast cells"
        ]
    }
]
