[
    {
        "question": "Suppose that a test statistic has associated with it a p-value of 0.08. Which one of the following statements is true?\n\n(i) If the size of the test were exactly 8%, we would be indifferent between rejecting and not rejecting the null hypothesis\n\n(ii) The null would be rejected if a 10% size of test were used\n\n(iii) The null would not be rejected if a 1% size of test were used\n\n(iv) The null would be rejected if a 5% size of test were used.",
        "subject": "econometrics",
        "choices": [
            "(ii) and (iv) only",
            "(i) and (iii) only",
            "(i), (ii), and (iii) only",
            "(i), (ii), (iii), and (iv)"
        ],
        "answer": 2,
        "th_question": "สมมติว่าสถิติการทดสอบมีค่า p-value เท่ากับ 0.08 ข้อใดต่อไปนี้เป็นความจริง?(i) หากขนาดของการทดสอบเท่ากับ 8% พอดี เราจะไม่มีทัศนคติที่ชัดเจนในการปฏิเสธหรือไม่ปฏิเสธสมมติฐานเดิม(ii) สมมติฐานเดิมจะถูกปฏิเสธหากใช้ขนาดการทดสอบ 10%(iii) สมมติฐานเดิมจะไม่ถูกปฏิเสธหากใช้ขนาดการทดสอบ 1%(iv) สมมติฐานเดิมจะถูกปฏิเสธหากใช้ขนาดการทดสอบ 5%",
        "th_choices": [
            "(ii) และ (iv) เท่านั้น",
            "(i) และ (iii) เท่านั้น",
            "(i), (ii), และ (iii) เท่านั้น",
            "(i), (ii), (iii), และ (iv)"
        ]
    },
    {
        "question": "What would be then consequences for the OLS estimator if heteroscedasticity is present in a regression model but ignored?",
        "subject": "econometrics",
        "choices": [
            "It will be biased",
            "It will be inconsistent",
            "It will be inefficient",
            "All of (a), (b) and (c) will be true."
        ],
        "answer": 2,
        "th_question": "ผลที่จะเกิดขึ้นกับตัวประมาณค่า OLS คืออะไร หากมีความแปรปรวนไม่คงที่ในโมเดลการถดถอยแต่ถูกละเลย?",
        "th_choices": [
            "มันจะมีอคติ",
            "มันจะไม่สอดคล้อง",
            "มันจะไม่มีประสิทธิภาพ",
            "ทั้ง (a), (b) และ (c) จะเป็นจริง"
        ]
    },
    {
        "question": "For a stationary autoregressive process, shocks will",
        "subject": "econometrics",
        "choices": [
            "Eventually die away",
            "Persist indefinitely",
            "Grow exponentially",
            "Never occur"
        ],
        "answer": 0,
        "th_question": "สำหรับกระบวนการอัตโนมัติถดถอยที่คงที่, การกระตุ้นจะ",
        "th_choices": [
            "ในที่สุดจะหายไป",
            "คงอยู่อย่างไม่มีกำหนด",
            "เติบโตอย่างเร่งรีบ",
            "ไม่เคยเกิดขึ้น"
        ]
    },
    {
        "question": "Consider the following AR(1) model with the disturbances having zero mean and unit variance\n\nyt = 0.2 + 0.4 yt-1 + ut\n\nThe (unconditional) mean of y will be given by",
        "subject": "econometrics",
        "choices": [
            "0.2",
            "0.4",
            "0.5",
            "0.33"
        ],
        "answer": 3,
        "th_question": "พิจารณาโมเดล AR(1) ต่อไปนี้ โดยมีการรบกวนที่มีค่าเฉลี่ยเป็นศูนย์และความแปรปรวนเป็นหน่วยyt = 0.2 + 0.4 yt-1 + utค่าเฉลี่ย (ไม่มีเงื่อนไข) ของ y จะถูกกำหนดโดย",
        "th_choices": [
            "0.2",
            "0.4",
            "0.5",
            "0.33"
        ]
    },
    {
        "question": "Suppose now that a researcher wishes to use information criteria to determine the optimal lag length for a VAR. 500 observations are available for the bi-variate VAR, and the values of the determinant of the variance-covariance matrix of residuals are 0.0336, 0.0169, 0.0084, and 0.0062 for 1, 2, 3, and 4 lags respectively. What is the optimal model order according to Akaike's information criterion?",
        "subject": "econometrics",
        "choices": [
            "1 lag",
            "2 lags",
            "3 lags",
            "4 lags"
        ],
        "answer": 2,
        "th_question": "สมมติว่าตอนนี้นักวิจัยต้องการใช้เกณฑ์ข้อมูลเพื่อกำหนดความยาวล่าช้าที่เหมาะสมที่สุดสำหรับ VAR มีข้อมูล 500 การสังเกตสำหรับ VAR สองตัวแปร และค่าของตัวกำหนดของเมทริกซ์ความแปรปรวน-ความสัมพันธ์ของค่าเศษส่วนคือ 0.0336, 0.0169, 0.0084 และ 0.0062 สำหรับ 1, 2, 3 และ 4 ล่าช้าตามลำดับ คำถามคือ คำสั่งแบบจำลองที่เหมาะสมที่สุดตามเกณฑ์ข้อมูลของ Akaike คืออะไร?",
        "th_choices": [
            "1 ล่าช้า",
            "2 ล่าช้า",
            "3 ล่าช้า",
            "4 ล่าช้า"
        ]
    }
]
