[
    {
        "question": "How can organisational structures that are characterised by democratic and inclusive styles of management be described?",
        "subject": "management",
        "choices": [
            "Hierarchical",
            "Bureaucratic",
            "Flat",
            "Functional"
        ],
        "answer": 2,
        "th_question": "โครงสร้างองค์กรที่มีลักษณะเป็นแบบประชาธิปไตยและรวมทุกคนเข้าด้วยกันสามารถอธิบายได้อย่างไร?",
        "th_choices": [
            "ลำดับชั้น",
            "ระบบราชการ",
            "แบน",
            "หน้าที่"
        ]
    },
    {
        "question": "What characteristic is not a key feature of the 'open systems' model of management?",
        "subject": "management",
        "choices": [
            "Morale",
            "Innovation",
            "Growth resource",
            "Adaptation"
        ],
        "answer": 0,
        "th_question": "ลักษณะใดไม่ใช่คุณสมบัติหลักของโมเดลการจัดการ 'open systems' ?",
        "th_choices": [
            "ขวัญกำลังใจ",
            "นวัตกรรม",
            "ทรัพยากรการเติบโต",
            "การปรับตัว"
        ]
    },
    {
        "question": "What are the two main dimensions of the Ohio Studies into leadership?",
        "subject": "management",
        "choices": [
            "Starting position and end position",
            "Initial environment and changed environment",
            "Organisational structure and conditioning",
            "Initiating structure and considerations"
        ],
        "answer": 3,
        "th_question": "Ohio Studies ในการศึกษาความเป็นผู้นำมีมิติหลักสองมิติคืออะไร?",
        "th_choices": [
            "ตำแหน่งเริ่มต้นและตำแหน่งสิ้นสุด",
            "สภาพแวดล้อมเริ่มต้นและสภาพแวดล้อมที่เปลี่ยนแปลง",
            "โครงสร้างองค์กรและการปรับเงื่อนไข",
            "การกำหนดโครงสร้างและการพิจารณา"
        ]
    },
    {
        "question": "Hygiene factors are associated with which writer?",
        "subject": "management",
        "choices": [
            "Frederick Hertzberg",
            "D.C. McClelland",
            "Abraham Maslow",
            "Douglas McGregor"
        ],
        "answer": 0,
        "th_question": "ปัจจัยด้านสุขอนามัยเกี่ยวข้องกับนักเขียนคนไหน?",
        "th_choices": [
            "Frederick Hertzberg",
            "D.C. McClelland",
            "Abraham Maslow",
            "Douglas McGregor"
        ]
    },
    {
        "question": "Which element of the cultural web forms regalia?",
        "subject": "management",
        "choices": [
            "Symbols",
            "Rituals and routines",
            "Power structures",
            "Control systems"
        ],
        "answer": 0,
        "th_question": "ธาตุใดของเว็บวัฒนธรรมที่ก่อให้เกิดเครื่องราชอิสริยาภรณ์?",
        "th_choices": [
            "สัญลักษณ์",
            "พิธีกรรมและกิจวัตร",
            "โครงสร้างอำนาจ",
            "ระบบควบคุม"
        ]
    }
]
