[
    {
        "question": "According to Caplan's model of consultee-centered case consultation, the consultant is primarily interested in",
        "subject": "high_school_psychology",
        "choices": [
            "identifying the causes and solutions of the client's presenting problems",
            "identifying and eliminating the causes of the consultee's difficulties in handling a problem",
            "establishing a hierarchy of authority to enable effective decision making",
            "presenting a single, well-defined and unambiguous course of action for the consultant to overcome skills deficits"
        ],
        "answer": 1,
        "th_question": "ตามแบบจำลองของ Caplan สำหรับการปรึกษาเชิงกรณีที่เน้นผู้รับการปรึกษา เจ้าหน้าที่ที่ปรึกษามีความสนใจเป็นหลักใน",
        "th_choices": [
            "การระบุสาเหตุและวิธีแก้ไขปัญหาที่ลูกค้านำเสนอ",
            "การระบุและกำจัดสาเหตุของความยากลำบากในการจัดการปัญหาของผู้รับการปรึกษา",
            "การสร้างลำดับชั้นของอำนาจเพื่อให้การตัดสินใจเป็นไปอย่างมีประสิทธิภาพ",
            "การนำเสนอแนวทางการดำเนินการเพียงหนึ่งเดียวที่ชัดเจนและไม่กำกวมเพื่อให้ที่ปรึกษาสามารถเอาชนะข้อบกพร่องด้านทักษะได้"
        ]
    },
    {
        "question": "While swimming in the ocean, Ivan is frightened by a dark shadow in the water even before he has the chance to identify what the shadow is. The synaptic connections taking place during this incident of fright are best described by which of the following?",
        "subject": "high_school_psychology",
        "choices": [
            "Messages are sent from the thalamus directly to the amygdala.",
            "Messages are sent from the thalamus to the \"what\" and \"where\" pathways.",
            "Messages are sent from the parasympathetic nervous system to the cerebral cortex.",
            "Messages are sent from the frontal lobes to the pituitary gland."
        ],
        "answer": 0,
        "th_question": "ขณะว่ายน้ำในมหาสมุทร ไอแวนรู้สึกหวาดกลัวจากเงามืดในน้ำ แม้ว่าเขายังไม่มีโอกาสระบุว่าเงานั้นคืออะไรก็ตาม การเชื่อมต่อทางซินแนปติกที่เกิดขึ้นระหว่างเหตุการณ์นี้สามารถอธิบายได้ดีที่สุดโดยข้อใดต่อไปนี้?",
        "th_choices": [
            "ข้อความถูกส่งจากฐาลามัสไปยังอะมิกดาลาโดยตรง",
            "ข้อความถูกส่งจากฐาลามัสไปยังเส้นทาง 'what' และ 'where'",
            "ข้อความถูกส่งจากระบบประสาทพาราซิมพาเทติกไปยังเยื่อหุ้มสมอง",
            "ข้อความถูกส่งจากโลบหน้าไปยังต่อมใต้สมอง"
        ]
    },
    {
        "question": "According to the Individuals with Disabilities Education Improvement Act, which of the following must an educational agency do before it changes the educational placement of a student with a disability?",
        "subject": "high_school_psychology",
        "choices": [
            "Give the child a trial period in the new environment",
            "Notify the parents in writing",
            "Obtain school board approval",
            "Obtain parental consent"
        ],
        "answer": 1,
        "th_question": "ตามกฎหมาย Individuals with Disabilities Education Improvement Act หน่วยงานการศึกษาต้องทำอะไรก่อนที่จะเปลี่ยนสถานที่ศึกษาของนักเรียนที่มีความพิการ?",
        "th_choices": [
            "ให้เด็กได้ลองอยู่ในสภาพแวดล้อมใหม่",
            "แจ้งให้ผู้ปกครองทราบทางเขียน",
            "ขออนุมัติจากคณะกรรมการโรงเรียน",
            "ขอความยินยอมจากผู้ปกครอง"
        ]
    },
    {
        "question": "Pascale is interested in the processing strategies children use to learn new information. Pascale would best be classified as what type of psychologist?",
        "subject": "high_school_psychology",
        "choices": [
            "sociocultural",
            "clinical",
            "cognitive",
            "behaviorist"
        ],
        "answer": 2,
        "th_question": "Pascale สนใจในกลยุทธ์การประมวลผลที่เด็กๆ ใช้ในการเรียนรู้ข้อมูลใหม่ Pascale จะถูกจัดประเภทเป็นนักจิตวิทยาประเภทใดได้ดีที่สุด?",
        "th_choices": [
            "สังคมวัฒนธรรม",
            "คลินิก",
            "ประสาทสัมผัส",
            "พฤติกรรมนิยม"
        ]
    },
    {
        "question": "Ani believes that her attitudes and behavior play a central role in what happens to her. Such a belief is likely to be associated with",
        "subject": "high_school_psychology",
        "choices": [
            "a strong superego.",
            "low self-esteem.",
            "low self-efficacy.",
            "an internal locus of control."
        ],
        "answer": 3,
        "th_question": "Ani เชื่อว่าทัศนคติและพฤติกรรมของเธอมีบทบาทสำคัญในสิ่งที่เกิดขึ้นกับเธอ ความเชื่อดังกล่าวน่าจะเกี่ยวข้องกับ",
        "th_choices": [
            "ความมีซูเปอร์อีโก้ที่แข็งแกร่ง",
            "ความมีความเชื่อมั่นในตนเองต่ำ",
            "ความมีประสิทธิภาพในตนเองต่ำ",
            "ความมีศูนย์กลางการควบคุมภายใน"
        ]
    }
]
