[
    {
        "question": "According to Moore’s “ideal utilitarianism,” the right action is the one that brings about the greatest amount of:",
        "subject": "philosophy",
        "choices": [
            "pleasure.",
            "happiness.",
            "good.",
            "virtue."
        ],
        "answer": 2,
        "th_question": "ตามทฤษฎี \"ideal utilitarianism\" ของมัวร์ การกระทำที่ถูกต้องคือการกระทำที่นำมาซึ่งปริมาณมากที่สุดของ:",
        "th_choices": [
            "ความสุข.",
            "ความสุข.",
            "สิ่งที่ดี.",
            "คุณธรรม."
        ]
    },
    {
        "question": "The study of reality in the broadest sense, an inquiry into the elemental nature of the universe and the things in it, is known as _____.",
        "subject": "philosophy",
        "choices": [
            "metaphysics",
            "epistemology",
            "quantum physics",
            "axiology"
        ],
        "answer": 0,
        "th_question": "การศึกษาความเป็นจริงในความหมายที่กว้างที่สุด การสืบค้นเกี่ยวกับธรรมชาติพื้นฐานของจักรวาลและสิ่งต่างๆ ในนั้น เรียกว่า _____",
        "th_choices": [
            "metaphysics",
            "epistemology",
            "quantum physics",
            "axiology"
        ]
    },
    {
        "question": "Before Tolstoy's Christian conversion, what was his perspective on the meaning of life?",
        "subject": "philosophy",
        "choices": [
            "optimist",
            "satisfied",
            "nominally religious",
            "pessimist"
        ],
        "answer": 3,
        "th_question": "ก่อนการกลับใจเป็นคริสเตียนของโทลสตอย มุมมองของเขาเกี่ยวกับความหมายของชีวิตคืออะไร?",
        "th_choices": [
            "คนที่มองโลกในแง่ดี",
            "พอใจ",
            "มีศาสนาเป็นชื่อเสียง",
            "คนที่มองโลกในแง่ร้าย"
        ]
    },
    {
        "question": "According to d'Holbach, people always act according to _____.",
        "subject": "philosophy",
        "choices": [
            "free choices",
            "dictates of the soul",
            "necessary natural laws",
            "undetermined will"
        ],
        "answer": 2,
        "th_question": "ตามที่ d'Holbach กล่าวไว้ ผู้คนมักจะกระทำตาม _____",
        "th_choices": [
            "การเลือกอิสระ",
            "คำสั่งของวิญญาณ",
            "กฎหมายธรรมชาติที่จำเป็น",
            "ความประสงค์ที่ไม่ได้กำหนด"
        ]
    },
    {
        "question": "Psychological egoism is:",
        "subject": "philosophy",
        "choices": [
            "an ethical theory about how we ought to behave.",
            "a generalization concerning the way people tend to behave.",
            "a claim about human nature and the ways people are capable of behaving.",
            "none of the above."
        ],
        "answer": 2,
        "th_question": "จิตวิทยานิยมคือ:",
        "th_choices": [
            "ทฤษฎีจริยธรรมเกี่ยวกับวิธีที่เราควรจะปฏิบัติตน.",
            "การทั่วไปเกี่ยวกับวิธีที่ผู้คนมักจะปฏิบัติตน.",
            "ข้อกล่าวหาเกี่ยวกับธรรมชาติของมนุษย์และวิธีที่ผู้คนสามารถปฏิบัติตนได้.",
            "ไม่ใช่ข้อใดข้อหนึ่งข้างต้น."
        ]
    }
]
