[
    {
        "question": "A key factor facilitating the application of nested case-control studies from the MACS was:",
        "subject": "virology",
        "choices": [
            "Data collection",
            "Establishment of a repository of biologic specimens",
            "Participant interest",
            "Administration of the questionnaire by staff"
        ],
        "answer": 1,
        "th_question": "ปัจจัยสำคัญที่ช่วยให้การใช้งาน nested case-control studies จาก MACS คือ:",
        "th_choices": [
            "การเก็บรวบรวมข้อมูล",
            "การสร้างคลังตัวอย่างทางชีววิทยา",
            "ความสนใจของผู้เข้าร่วม",
            "การให้บริการสอบถามโดยเจ้าหน้าที่"
        ]
    },
    {
        "question": "Which of the following is a morphological characteristic of the paramyxoviruses.",
        "subject": "virology",
        "choices": [
            "Fragile viruses often visualised with RNA spewing from the inside",
            "Elongate viruses",
            "Icosahedral viruses with envelope",
            "Very large viruses"
        ],
        "answer": 0,
        "th_question": "ลักษณะทางสัณฐานวิทยาของ paramyxoviruses คืออะไร",
        "th_choices": [
            "ไวรัสที่เปราะบางมักจะถูกมองเห็นด้วย RNA ที่พุ่งออกมาจากภายใน",
            "ไวรัสที่มีรูปร่างยาว",
            "ไวรัสที่มีรูปร่างเป็นไอโคซาฮีดรอนพร้อมซองหุ้ม",
            "ไวรัสขนาดใหญ่มาก"
        ]
    },
    {
        "question": "The median survival time to AIDS and death was established by following:",
        "subject": "virology",
        "choices": [
            "Seroprevalent HIV-infected individuals",
            "Seronegatives",
            "Seroconverters",
            "High-risk seronegatives"
        ],
        "answer": 2,
        "th_question": "เวลาการรอดชีวิตเฉลี่ยจนถึงการเป็นโรคเอดส์และการตายถูกกำหนดโดยการติดตาม:",
        "th_choices": [
            "บุคคลที่ติดเชื้อ HIV และมีผลตรวจเลือดเป็นบวก",
            "บุคคลที่มีผลตรวจเลือดเป็นลบ",
            "บุคคลที่ผลตรวจเลือดเปลี่ยนจากลบเป็นบวก",
            "บุคคลที่มีความเสี่ยงสูงและมีผลตรวจเลือดเป็นลบ"
        ]
    },
    {
        "question": "The most important goal of a behavioral intervention is:",
        "subject": "virology",
        "choices": [
            "Change in behavior",
            "Comprehensive coverage",
            "Effective use of behavioral theory",
            "Sustained behavior change"
        ],
        "answer": 3,
        "th_question": "เป้าหมายที่สำคัญที่สุดของการแทรกแซงพฤติกรรมคือ:",
        "th_choices": [
            "การเปลี่ยนแปลงพฤติกรรม",
            "การครอบคลุมอย่างครบวงจร",
            "การใช้ทฤษฎีพฤติกรรมอย่างมีประสิทธิภาพ",
            "การเปลี่ยนแปลงพฤติกรรมอย่างยั่งยืน"
        ]
    },
    {
        "question": "Why are parvoviruses a highly impactful parasite?",
        "subject": "virology",
        "choices": [
            "Because they have no nucleic acid",
            "They require a helper virus",
            "Only replicate in dividing cells",
            "Can integrate into host chromosomes"
        ],
        "answer": 0,
        "th_question": "ทำไมพาร์โวไวรัสถึงเป็นปรสิตที่มีผลกระทบสูง?",
        "th_choices": [
            "เพราะว่าพวกมันไม่มีกรดนิวคลีอิก",
            "พวกมันต้องการไวรัสผู้ช่วย",
            "สามารถทำซ้ำได้เฉพาะในเซลล์ที่กำลังแบ่งตัว",
            "สามารถรวมเข้ากับโครโมโซมของเจ้าบ้าน"
        ]
    }
]
