[
    {
        "question": " Select the best translation into predicate logic: No people drive on Mars.",
        "subject": "formal_logic",
        "choices": [
            "~Pd",
            "(∀x)(Px ∨ ~Dx)",
            "(∀x)(Px ⊃ ~Dx)",
            "~Dp"
        ],
        "answer": 2,
        "th_question": "เลือกการแปลที่ดีที่สุดเป็นตรรกะประพจน์: ไม่มีคนขับรถบนดาวอังคาร",
        "th_choices": [
            "~Pd",
            "(∀x)(Px ∨ ~Dx)",
            "(∀x)(Px ⊃ ~Dx)",
            "~Dp"
        ]
    },
    {
        "question": " Select the best English interpretation of the given arguments in predicate logic.\nDm\n(∀x)(Wx ⊃ ~Dx)\n(∀x)Wx ∨ Ag\t/ (∃x)Ax",
        "subject": "formal_logic",
        "choices": [
            "Marina is a dancer. Some weaklings are not dancers. Either everything is a weakling or Georgia plays volleyball. So something plays volleyball.",
            "Marina is a dancer. No weakling is a dancer. Everything is either a weakling or plays volleyball. So something plays volleyball.",
            "Marina is a dancer. Some weaklings are not dancers. Everything is either a weakling or plays volleyball. So something plays volleyball.",
            "Marina is a dancer. No weakling is a dancer. Either everything is a weakling or Georgia plays volleyball. So something plays volleyball."
        ],
        "answer": 3,
        "th_question": "เลือกการตีความภาษาอังกฤษที่ดีที่สุดของอาร์กิวเมนต์ที่กำหนดในตรรกะของประพจน์Dm(∀x)(Wx ⊃ ~Dx)(∀x)Wx ∨ Ag/ (∃x)Ax",
        "th_choices": [
            "Marina เป็นนักเต้น บางคนที่อ่อนแอไม่ใช่นักเต้น ไม่ว่าทุกอย่างจะเป็นคนอ่อนแอหรือ Georgia เล่นวอลเลย์บอล ดังนั้นจึงมีบางอย่างเล่นวอลเลย์บอล",
            "Marina เป็นนักเต้น ไม่มีคนอ่อนแอใดเป็นนักเต้น ทุกอย่างเป็นคนอ่อนแอหรือเล่นวอลเลย์บอล ดังนั้นจึงมีบางอย่างเล่นวอลเลย์บอล",
            "Marina เป็นนักเต้น บางคนที่อ่อนแอไม่ใช่นักเต้น ทุกอย่างเป็นคนอ่อนแอหรือเล่นวอลเลย์บอล ดังนั้นจึงมีบางอย่างเล่นวอลเลย์บอล",
            "Marina เป็นนักเต้น ไม่มีคนอ่อนแอใดเป็นนักเต้น ไม่ว่าทุกอย่างจะเป็นคนอ่อนแอหรือ Georgia เล่นวอลเลย์บอล ดังนั้นจึงมีบางอย่างเล่นวอลเลย์บอล"
        ]
    },
    {
        "question": " Construct a complete truth table for the following pairs of propositions. Then, using the truth tables, determine whether the statements are logically equivalent or contradictory. If neither, determine whether they are consistent or inconsistent. Justify your answers.\nE ⊃ (F · E) and ~E · F",
        "subject": "formal_logic",
        "choices": [
            "Logically equivalent",
            "Contradictory",
            "Neither logically equivalent nor contradictory, but consistent",
            "Inconsistent"
        ],
        "answer": 2,
        "th_question": "สร้างตารางความจริงที่สมบูรณ์สำหรับคู่ข้อเสนอต่อไปนี้ จากนั้น โดยใช้ตารางความจริง เพื่อตัดสินว่าข้อความเหล่านั้นเท่าเทียมกันทางตรรกะหรือขัดแย้งกันหรือไม่ หากไม่ใช่ทั้งสอง ให้ตัดสินว่าพวกเขาสอดคล้องหรือไม่สอดคล้องกัน ให้เหตุผลสำหรับคำตอบของคุณE ⊃ (F · E) และ ~E · F",
        "th_choices": [
            "เท่าเทียมกันทางตรรกะ",
            "ขัดแย้ง",
            "ไม่เท่าเทียมกันทางตรรกะหรือขัดแย้ง แต่สอดคล้อง",
            "ไม่สอดคล้อง"
        ]
    },
    {
        "question": "Select the best translation into predicate logic.George borrows Hector's lawnmower. (g: George; h: Hector; l: Hector's lawnmower; Bxyx: x borrows y from z)",
        "subject": "formal_logic",
        "choices": [
            "Blgh",
            "Bhlg",
            "Bglh",
            "Bghl"
        ],
        "answer": 2,
        "th_question": "เลือกการแปลที่ดีที่สุดเป็นตรรกะประพจน์.George ยืมเครื่องตัดหญ้าของ Hector. (g: George; h: Hector; l: เครื่องตัดหญ้าของ Hector; Bxyx: x ยืม y จาก z)",
        "th_choices": [
            "Blgh",
            "Bhlg",
            "Bglh",
            "Bghl"
        ]
    },
    {
        "question": " Which of the given formulas of PL is the best symbolization of the following sentence?\nTurtles live long lives and are happy creatures, unless they are injured.",
        "subject": "formal_logic",
        "choices": [
            "(L • H) ≡ I",
            "(L • H) ∨ I",
            "L • (H ∨ I)",
            "L • (H ⊃ R)"
        ],
        "answer": 1,
        "th_question": "สูตรใดจากสูตรที่กำหนดของ PL เป็นการสัญลักษณ์ที่ดีที่สุดของประโยคต่อไปนี้?เต่ามีชีวิตที่ยืนยาวและเป็นสัตว์ที่มีความสุข ยกเว้นว่าพวกมันได้รับบาดเจ็บ",
        "th_choices": [
            "(L • H) ≡ I",
            "(L • H) ∨ I",
            "L • (H ∨ I)",
            "L • (H ⊃ R)"
        ]
    }
]
