[
    {
        "question": "Joe was in charge of lights for a dance. The red light blinks every two seconds, the yellow light every three seconds, and the blue light every five seconds. If we include the very beginning and very end of the dance, how many times during a seven minute dance will all the lights come on at the same time? (Assume that all three lights blink simultaneously at the very beginning of the dance.)",
        "subject": "high_school_mathematics",
        "choices": [
            "3",
            "15",
            "6",
            "5"
        ],
        "answer": 1,
        "th_question": "โจเป็นผู้รับผิดชอบด้านแสงสำหรับการเต้นรำ ไฟสีแดงกระพริบทุกๆสองวินาที ไฟสีเหลืองทุกๆสามวินาที และไฟสีน้ำเงินทุกๆห้าวินาที หากเรารวมเวลาเริ่มต้นและสิ้นสุดของการเต้นรำ จะมีกี่ครั้งในระหว่างการเต้นรำเจ็ดนาทีที่ไฟทั้งหมดจะเปิดพร้อมกัน? (สมมติว่าไฟทั้งสามดวงกระพริบพร้อมกันที่เวลาเริ่มต้นของการเต้นรำ)",
        "th_choices": [
            "3",
            "15",
            "6",
            "5"
        ]
    },
    {
        "question": "The variable $x$ varies directly as the square of $y$, and $y$ varies directly as the cube of $z$. If $x$ equals $-16$ when $z$ equals 2, what is the value of $x$ when $z$ equals $\\frac{1}{2}$?",
        "subject": "high_school_mathematics",
        "choices": [
            "-1",
            "16",
            "-\\frac{1}{256}",
            "\\frac{1}{16}"
        ],
        "answer": 2,
        "th_question": "ตัวแปร $x$ เปลี่ยนแปลงโดยตรงตามกำลังสองของ $y$ และ $y$ เปลี่ยนแปลงโดยตรงตามกำลังสามของ $z$ ถ้า $x$ เท่ากับ $-16$ เมื่อ $z$ เท่ากับ 2 ค่าของ $x$ เมื่อ $z$ เท่ากับ $\\frac{1}{2}$ คืออะไร?",
        "th_choices": [
            "-1",
            "16",
            "-\\frac{1}{256}",
            "\\frac{1}{16}"
        ]
    },
    {
        "question": "Five thousand dollars compounded annually at an $x\\%$ interest rate takes six years to double. At the same interest rate, how many years will it take $\\$300$ to grow to $\\$9600$?",
        "subject": "high_school_mathematics",
        "choices": [
            "12",
            "1",
            "30",
            "5"
        ],
        "answer": 2,
        "th_question": "ห้าพันดอลลาร์ที่คิดดอกเบี้ยแบบทบต้นปีละ $x\\%$ ใช้เวลาหกปีในการเพิ่มเป็นสองเท่า ด้วยอัตราดอกเบี้ยเดียวกันนี้ จะใช้เวลากี่ปีให้ $\\$300$ เติบโตเป็น $\\$9600$?",
        "th_choices": [
            "12",
            "1",
            "30",
            "5"
        ]
    },
    {
        "question": "Simplify and write the result with a rational denominator: $$\\sqrt{\\sqrt[3]{\\sqrt{\\frac{1}{729}}}}$$",
        "subject": "high_school_mathematics",
        "choices": [
            "\\frac{3\\sqrt{3}}{3}",
            "\\frac{1}{3}",
            "\\sqrt{3}",
            "\\frac{\\sqrt{3}}{3}"
        ],
        "answer": 3,
        "th_question": "ลดรูปและเขียนผลลัพธ์ด้วยตัวส่วนมีเหตุผล: $$\\sqrt{\\sqrt[3]{\\sqrt{\\frac{1}{729}}}}$$",
        "th_choices": [
            "\\frac{3\\sqrt{3}}{3}",
            "\\frac{1}{3}",
            "\\sqrt{3}",
            "\\frac{\\sqrt{3}}{3}"
        ]
    },
    {
        "question": "Ten students take a biology test and receive the following scores: 45, 55, 50, 70, 65, 80, 40, 90, 70, 85. What is the mean of the students’ test scores?",
        "subject": "high_school_mathematics",
        "choices": [
            "55",
            "60",
            "62",
            "65"
        ],
        "answer": 3,
        "th_question": "สิบนักเรียนทำข้อสอบชีววิทยาและได้คะแนนดังต่อไปนี้: 45, 55, 50, 70, 65, 80, 40, 90, 70, 85. ค่าเฉลี่ยของคะแนนสอบของนักเรียนคืออะไร?",
        "th_choices": [
            "55",
            "60",
            "62",
            "65"
        ]
    }
]
