[
    {
        "question": "Morning sickness is typically a problem:",
        "subject": "human_sexuality",
        "choices": [
            "during the first trimester",
            "during the second trimester",
            "during the third trimester",
            "all through the pregnancy"
        ],
        "answer": 0,
        "th_question": "อาการแพ้ท้องมักเป็นปัญหา:",
        "th_choices": [
            "ในไตรมาสแรก",
            "ในไตรมาสที่สอง",
            "ในไตรมาสที่สาม",
            "ตลอดระยะการตั้งครรภ์"
        ]
    },
    {
        "question": "A woman who knows she has active herpes and untreated syphilis but continues to have sex without informing her partners of her condition has, in psychoanalytic terms:",
        "subject": "human_sexuality",
        "choices": [
            "a strong ego",
            "a weak superego",
            "a weak id",
            "a strong superego"
        ],
        "answer": 1,
        "th_question": "หญิงสาวที่รู้ว่าเธอมีเริมที่กำลังแสดงอาการและซิฟิลิสที่ไม่ได้รับการรักษา แต่ยังคงมีเพศสัมพันธ์โดยไม่แจ้งให้คู่นอนของเธอทราบถึงสภาพของเธอนั้น ในแง่ของจิตวิเคราะห์:",
        "th_choices": [
            "อีโก้ที่แข็งแกร่ง",
            "ซูเปอร์อีโก้ที่อ่อนแอ",
            "อิดที่อ่อนแอ",
            "ซูเปอร์อีโก้ที่แข็งแกร่ง"
        ]
    },
    {
        "question": "The nature of homosexual activities that occur during preadolescence include all but which of the following?",
        "subject": "human_sexuality",
        "choices": [
            "sexual intercourse",
            "circle jerks",
            "exhibitionism",
            "touching each other's genitals"
        ],
        "answer": 0,
        "th_question": "ลักษณะของกิจกรรมทางเพศของคนรักเพศเดียวกันที่เกิดขึ้นในช่วงวัยก่อนวัยรุ่น รวมถึงทุกอย่างยกเว้นข้อใดต่อไปนี้?",
        "th_choices": [
            "การมีเพศสัมพันธ์",
            "circle jerks",
            "การแสดงออกทางเพศ",
            "การสัมผัสอวัยวะเพศของกันและกัน"
        ]
    },
    {
        "question": "The most common disorder among men who seek sexual therapy is:",
        "subject": "human_sexuality",
        "choices": [
            "premature ejaculation",
            "inhibited ejaculation",
            "erectile disorder",
            "ejaculatory disorder"
        ],
        "answer": 2,
        "th_question": "ภาวะที่พบบ่อยที่สุดในผู้ชายที่มองหาการบำบัดทางเพศคือ:",
        "th_choices": [
            "การหลั่งเร็ว",
            "การหลั่งล่าช้า",
            "ภาวะการแข็งตัวของอวัยวะเพศไม่เพียงพอ",
            "ภาวะการหลั่งผิดปกติ"
        ]
    },
    {
        "question": "Women's ability to have multiple orgasms is primarily due to:",
        "subject": "human_sexuality",
        "choices": [
            "the fact that they do not have a refractory period.",
            "the response of the inner layers of the vagina.",
            "having alternating orgasms in different locations.",
            "the G-Spot."
        ],
        "answer": 0,
        "th_question": "ความสามารถของผู้หญิงในการมีออร์แกสซึมหลายครั้งเป็นเพราะหลักๆ มาจาก:",
        "th_choices": [
            "ความจริงที่ว่าพวกเขาไม่มีช่วงเวลาหยุดพัก.",
            "การตอบสนองของชั้นในของช่องคลอด.",
            "การมีออร์แกสซึมสลับกันในสถานที่ต่างๆ.",
            "the G-Spot."
        ]
    }
]
