[
    {
        "question": "The pleura",
        "subject": "anatomy",
        "choices": [
            "have no sensory innervation.",
            "are separated by a 2 mm space.",
            "extend into the neck.",
            "are composed of respiratory epithelium."
        ],
        "answer": 2,
        "th_question": "เยื่อหุ้มปอด",
        "th_choices": [
            "ไม่มีการเชื่อมต่อประสาทสัมผัส",
            "ถูกแยกด้วยช่องว่าง 2 มิลลิเมตร",
            "ขยายเข้าไปในลำคอ",
            "ประกอบด้วยเยื่อบุผิวหายใจ"
        ]
    },
    {
        "question": "Which of the following is the body cavity that contains the pituitary gland?",
        "subject": "anatomy",
        "choices": [
            "Abdominal",
            "Cranial",
            "Pleural",
            "Spinal"
        ],
        "answer": 1,
        "th_question": "ข้อใดต่อไปนี้คือช่องว่างในร่างกายที่มีต่อมใต้สมองอยู่?",
        "th_choices": [
            "ช่องท้อง",
            "ช่องกะโหลกศีรษะ",
            "ช่องเยื่อหุ้มปอด",
            "ช่องไขสันหลัง"
        ]
    },
    {
        "question": "Which of these branches of the trigeminal nerve contain somatic motor processes?",
        "subject": "anatomy",
        "choices": [
            "The supraorbital nerve",
            "The infraorbital nerve",
            "The mental nerve",
            "None of the above"
        ],
        "answer": 3,
        "th_question": "สาขาใดของเส้นประสาทไตรศูลที่มีกระบวนการมอเตอร์โซมาติก?",
        "th_choices": [
            "เส้นประสาทส่วนเหนือโคนตา",
            "เส้นประสาทส่วนใต้โคนตา",
            "เส้นประสาทส่วนคิด",
            "ไม่มีข้อใดข้างต้น"
        ]
    },
    {
        "question": "What is the embryological origin of the hyoid bone?",
        "subject": "anatomy",
        "choices": [
            "The first pharyngeal arch",
            "The first and second pharyngeal arches",
            "The second pharyngeal arch",
            "The second and third pharyngeal arches"
        ],
        "answer": 3,
        "th_question": "กระดูกไฮออยด์มีต้นกำเนิดทางสัณฐานวิทยามาจากอะไร?",
        "th_choices": [
            "ก้านหลอดลมช่องที่หนึ่ง",
            "ก้านหลอดลมช่องที่หนึ่งและที่สอง",
            "ก้านหลอดลมช่องที่สอง",
            "ก้านหลอดลมช่องที่สองและที่สาม"
        ]
    },
    {
        "question": "In Angle's Class II Div 2 occlusion there is",
        "subject": "anatomy",
        "choices": [
            "excess overbite of the upper lateral incisors.",
            "negative overjet of the upper central incisors.",
            "excess overjet of the upper lateral incisors.",
            "excess overjet of the upper central incisors."
        ],
        "answer": 2,
        "th_question": "ใน Angle's Class II Div 2 occlusion มี",
        "th_choices": [
            "การกัดซ้อนมากเกินไปของฟันกรามบนด้านข้าง",
            "การกัดซ้อนน้อยเกินไปของฟันกรามบนตรงกลาง",
            "การกัดซ้อนมากเกินไปของฟันกรามบนด้านข้าง",
            "การกัดซ้อนมากเกินไปของฟันกรามบนตรงกลาง"
        ]
    }
]
