[
    {
        "question": "What types of force does Article 2(4) of the UN Charter prohibit?",
        "subject": "international_law",
        "choices": [
            "Article 2(4) encompasses only armed force",
            "Article 2(4) encompasses all types of force, including sanctions",
            "Article 2(4) encompasses all interference in the domestic affairs of States",
            "Article 2(4) encompasses force directed only against a State's territorial integrity"
        ],
        "answer": 0,
        "th_question": "บทความ 2(4) ของกฎบัตรสหประชาชาติห้ามการใช้กำลังประเภทใด?",
        "th_choices": [
            "บทความ 2(4) ครอบคลุมเฉพาะกำลังทางอาวุธเท่านั้น",
            "บทความ 2(4) ครอบคลุมทุกประเภทของกำลัง รวมถึงการคว่ำบาตร",
            "บทความ 2(4) ครอบคลุมการแทรกแซงทุกประเภทในกิจการภายในของรัฐ",
            "บทความ 2(4) ครอบคลุมกำลังที่มุ่งเป้าไปที่ความสมบูรณ์ของดินแดนของรัฐเท่านั้น"
        ]
    },
    {
        "question": "When 'consent' can serve as a circumstance precluding the wrongfulness of a State conduct?",
        "subject": "international_law",
        "choices": [
            "Consent can serve as a circumstance precluding the wrongfulness whenever it is given",
            "Consent can never serve as a circumstance precluding wrongfulness",
            "Consent can serve as a circumstance precluding wrongfulness, provided the consent is valid and to the extent that the conduct remains within the limits of the consent given",
            "Consent can always serve as a circumstance precluding wrongfulness, no matter which organ of the State gives it"
        ],
        "answer": 2,
        "th_question": "เมื่อ 'consent' สามารถทำหน้าที่เป็นสถานการณ์ที่ขัดขวางความผิดของการกระทำของรัฐได้อย่างไร?",
        "th_choices": [
            "Consent สามารถทำหน้าที่เป็นสถานการณ์ที่ขัดขวางความผิดเมื่อได้รับการยินยอม",
            "Consent ไม่สามารถทำหน้าที่เป็นสถานการณ์ที่ขัดขวางความผิดได้",
            "Consent สามารถทำหน้าที่เป็นสถานการณ์ที่ขัดขวางความผิด โดยมีเงื่อนไขว่าการยินยอมนั้นต้องถูกต้องและการกระทำนั้นต้องอยู่ในขอบเขตของการยินยอมที่ได้รับ",
            "Consent สามารถทำหน้าที่เป็นสถานการณ์ที่ขัดขวางความผิดได้เสมอ ไม่ว่าจะเป็นอวัยวะใดของรัฐที่ให้การยินยอม"
        ]
    },
    {
        "question": "What is the judge ad hoc?",
        "subject": "international_law",
        "choices": [
            "If a party to a contentious case before the ICJ does not have a national sitting as judge, it is entitled to nominate someone as a judge solely for that case, with the title of judge ad hoc",
            "Judge ad hoc is the member of the bench of the ICJ with a casting vote",
            "Judge ad hoc is a surrogate judge, in case a judge is disqualified or passes away",
            "Judge ad hoc is the judge that each party will always nominate in every contentious case"
        ],
        "answer": 0,
        "th_question": "ผู้พิพากษา ad hoc คืออะไร?",
        "th_choices": [
            "หากฝ่ายใดในคดีที่มีการโต้แย้งก่อนหน้า ICJ ไม่มีผู้พิพากษาสัญชาติเดียวกันนั่งเป็นผู้พิพากษา ฝ่ายนั้นมีสิทธิ์ที่จะเสนอชื่อบุคคลใดบุคคลหนึ่งเป็นผู้พิพากษาเฉพาะสำหรับคดีนั้น โดยมีชื่อเรียกว่าผู้พิพากษา ad hoc",
            "ผู้พิพากษา ad hoc เป็นสมาชิกของคณะผู้พิพากษาของ ICJ ที่มีสิทธิ์ออกเสียงตัดสิน",
            "ผู้พิพากษา ad hoc เป็นผู้พิพากษาทดแทน ในกรณีที่ผู้พิพากษาถูกตัดสิทธิ์หรือเสียชีวิต",
            "ผู้พิพากษา ad hoc เป็นผู้พิพากษาที่แต่ละฝ่ายจะเสนอชื่อเสมอในทุกคดีที่มีการโต้แย้ง"
        ]
    },
    {
        "question": "How the consent to be bound of a State may be expressed?",
        "subject": "international_law",
        "choices": [
            "The consent of a State to be bound is expressed only by ratification",
            "The consent of a state to be bound by a treaty may be expressed by signature, ratification, acceptance, approval or accession",
            "The consent of a State to be bound is expressed by signature",
            "The consent of a State to be bound is expressed by whatever means they choose"
        ],
        "answer": 1,
        "th_question": "วิธีการแสดงความยินยอมของรัฐในการผูกพันคืออย่างไร?",
        "th_choices": [
            "ความยินยอมของรัฐในการผูกพันจะถูกแสดงเฉพาะโดยการรับรอง",
            "ความยินยอมของรัฐในการผูกพันโดยสนธิสัญญาอาจถูกแสดงโดยการลงนาม, การรับรอง, การยอมรับ, การอนุมัติ หรือการเข้าร่วม",
            "ความยินยอมของรัฐในการผูกพันจะถูกแสดงโดยการลงนาม",
            "ความยินยอมของรัฐในการผูกพันจะถูกแสดงโดยวิธีใดก็ได้ที่พวกเขาเลือก"
        ]
    },
    {
        "question": "Would a reservation to the definition of torture in the ICCPR be acceptable in contemporary practice?",
        "subject": "international_law",
        "choices": [
            "This is an acceptable reservation if the reserving country's legislation employs a different definition",
            "This is an unacceptable reservation because it contravenes the object and purpose of the ICCPR",
            "This is an unacceptable reservation because the definition of torture in the ICCPR is consistent with customary international law",
            "This is an acceptable reservation because under general international law States have the right to enter reservations to treaties"
        ],
        "answer": 1,
        "th_question": "การจองสิทธิ์ต่อคำจำกัดความของการทรมานใน ICCPR จะเป็นที่ยอมรับได้ในปฏิบัติการณ์สมัยใหม่หรือไม่?",
        "th_choices": [
            "นี่เป็นการจองสิทธิ์ที่ยอมรับได้หากกฎหมายของประเทศที่จองมีคำจำกัดความที่แตกต่างออกไป",
            "นี่เป็นการจองสิทธิ์ที่ไม่ยอมรับได้เพราะมันขัดต่อวัตถุประสงค์และจุดมุ่งหมายของ ICCPR",
            "นี่เป็นการจองสิทธิ์ที่ไม่ยอมรับได้เพราะคำจำกัดความของการทรมานใน ICCPR นั้นสอดคล้องกับกฎหมายระหว่างประเทศที่เป็นประเพณี",
            "นี่เป็นการจองสิทธิ์ที่ยอมรับได้เพราะภายใต้กฎหมายระหว่างประเทศทั่วไป รัฐมีสิทธิ์ที่จะจองสิทธิ์ต่อสนธิสัญญา"
        ]
    }
]
