[
    {
        "question": "Which of the following conditions will ensure that angular momentum is conserved? I. Conservation of linear momentum II. Zero net external force III. Zero net external torque",
        "subject": "high_school_physics",
        "choices": [
            "I and II only",
            "I and III only",
            "II and III only",
            "III only"
        ],
        "answer": 3,
        "th_question": "สภาวะใดต่อไปนี้จะรับประกันว่าโมเมนตัมมุมจะถูกอนุรักษ์? I. การอนุรักษ์โมเมนตัมเชิงเส้น II. แรงภายนอกรวมเป็นศูนย์ III. โมเมนต์แรงภายนอกรวมเป็นศูนย์",
        "th_choices": [
            "I และ II เท่านั้น",
            "I และ III เท่านั้น",
            "II และ III เท่านั้น",
            "III เท่านั้น"
        ]
    },
    {
        "question": "A point charge, Q = +1 mC, is fixed at the origin. How much work is required to move a charge, Q = +8 µC, from the point (0, 4 meters) to the point (3 meters, 0)?",
        "subject": "high_school_physics",
        "choices": [
            "3.5 J",
            "6.0 J",
            "22.5 J",
            "40 J"
        ],
        "answer": 1,
        "th_question": "จุดประจุ, Q = +1 mC, ถูกยึดไว้ที่จุดกำเนิด ต้องใช้งานเท่าไหร่ในการย้ายประจุ, Q = +8 µC, จากจุด (0, 4 เมตร) ไปยังจุด (3 เมตร, 0)?",
        "th_choices": [
            "3.5 J",
            "6.0 J",
            "22.5 J",
            "40 J"
        ]
    },
    {
        "question": "A pipe full of air is closed at one end. A standing wave is produced in the pipe, causing the pipe to sound a note. Which of the following is a correct statement about the wave’s properties at the closed end of the pipe?",
        "subject": "high_school_physics",
        "choices": [
            "The pressure is at a node, but the particle displacement is at an antinode.",
            "The pressure is at an antinode, but the particle displacement is at a node.",
            "The pressure and the particle displacement are both at nodes.",
            "The pressure and the particle displacement are both at antinodes."
        ],
        "answer": 1,
        "th_question": "ท่อที่เต็มไปด้วยอากาศถูกปิดที่ปลายหนึ่ง คลื่นยืนถูกสร้างขึ้นในท่อ ทำให้ท่อส่งเสียงโน้ต ข้อใดต่อไปนี้เป็นคำพูดที่ถูกต้องเกี่ยวกับคุณสมบัติของคลื่นที่ปลายท่อที่ปิด?",
        "th_choices": [
            "ความดันอยู่ที่จุดโหนด แต่การกระจัดของอนุภาคอยู่ที่จุดแอนติโนด",
            "ความดันอยู่ที่จุดแอนติโนด แต่การกระจัดของอนุภาคอยู่ที่จุดโหนด",
            "ความดันและการกระจัดของอนุภาคอยู่ที่จุดโหนดทั้งคู่",
            "ความดันและการกระจัดของอนุภาคอยู่ที่จุดแอนติโนดทั้งคู่"
        ]
    },
    {
        "question": "A microwave oven is connected to an outlet, 120 V, and draws a current of 2 amps. At what rate is energy being used by the microwave oven?",
        "subject": "high_school_physics",
        "choices": [
            "10 W",
            "30 W",
            "60 W",
            "240 W"
        ],
        "answer": 3,
        "th_question": "เตาไมโครเวฟเชื่อมต่อกับปลั๊กไฟ, 120 V, และดึงกระแสไฟฟ้า 2 แอมป์ มีอัตราการใช้พลังงานของเตาไมโครเวฟเป็นอย่างไร?",
        "th_choices": [
            "10 W",
            "30 W",
            "60 W",
            "240 W"
        ]
    },
    {
        "question": "A photocell of work function ϕ = 2eV is connected to a resistor in series. Light of frequency f = 1 × 10^15 Hz hits a metal plate of the photocell. If the power of the light is P = 100 W, what is the current through the resistor?",
        "subject": "high_school_physics",
        "choices": [
            "2:00 AM",
            "6:00 AM",
            "12:00 AM",
            "24 A"
        ],
        "answer": 3,
        "th_question": "เซลล์แสงที่มีฟังก์ชันการทำงาน ϕ = 2eV ถูกเชื่อมต่อกับตัวต้านทานแบบอนุกรม แสงที่มีความถี่ f = 1 × 10^15 Hz กระทบกับแผ่นโลหะของเซลล์แสง หากพลังงานของแสงคือ P = 100 W กระแสที่ผ่านตัวต้านทานคือเท่าไร?",
        "th_choices": [
            "2:00 AM",
            "6:00 AM",
            "12:00 AM",
            "24 A"
        ]
    }
]
