[
    {
        "question": "An expected side effect of creatine supplementation is:",
        "subject": "college_medicine",
        "choices": [
            "muscle weakness.",
            "gain in body mass.",
            "muscle cramps.",
            "loss of electrolytes."
        ],
        "answer": 1,
        "th_question": "ผลข้างเคียงที่คาดหวังจากการเสริมครีเอทีนคือ:",
        "th_choices": [
            "ความอ่อนแอของกล้ามเนื้อ.",
            "เพิ่มน้ำหนักตัว.",
            "อาการปวดกล้ามเนื้อ.",
            "การสูญเสียอิเล็กโทรไลต์."
        ]
    },
    {
        "question": "A high school science teacher fills a 1 liter bottle with pure nitrogen and seals the lid. The pressure is 1.70 atm, and the room temperature is 25°C. Which two variables will both increase the pressure of the system, if all other variables are held constant?",
        "subject": "college_medicine",
        "choices": [
            "Increasing temperature, increasing moles of gas",
            "Increasing temperature, increasing volume",
            "Decreasing volume, decreasing temperature",
            "Decreasing moles of gas, increasing volume"
        ],
        "answer": 0,
        "th_question": "ครูสอนวิทยาศาสตร์ระดับมัธยมศึกษาเติมขวด 1 ลิตรด้วยไนโตรเจนบริสุทธิ์และปิดฝาขวด ความดันอยู่ที่ 1.70 บรรยากาศ และอุณหภูมิห้องคือ 25°C ตัวแปรสองตัวใดที่จะเพิ่มความดันของระบบ หากตัวแปรอื่นๆ ถูกคงที่?",
        "th_choices": [
            "เพิ่มอุณหภูมิ, เพิ่มโมลของก๊าซ",
            "เพิ่มอุณหภูมิ, เพิ่มปริมาตร",
            "ลดปริมาตร, ลดอุณหภูมิ",
            "ลดโมลของก๊าซ, เพิ่มปริมาตร"
        ]
    },
    {
        "question": "Which of the following is not a true statement?",
        "subject": "college_medicine",
        "choices": [
            "Muscle glycogen is broken down enzymatically to glucose-1-phosphate",
            "Elite endurance runners have a high proportion of Type I fibres in their leg muscles",
            "Liver glycogen is important in the maintenance of the blood glucose concentration",
            "Insulin promotes glucose uptake by all tissues in the body"
        ],
        "answer": 3,
        "th_question": "ข้อใดต่อไปนี้ไม่ใช่ข้อความที่ถูกต้อง?",
        "th_choices": [
            "กลูโคเจนในกล้ามเนื้อถูกย่อยสลายโดยเอนไซม์เป็นกลูโคส-1-ฟอสเฟต",
            "นักวิ่งระยะไกลชั้นยอดมีสัดส่วนของเส้นใยประเภท I สูงในกล้ามเนื้อขาของพวกเขา",
            "กลูโคเจนในตับมีความสำคัญในการรักษาระดับน้ำตาลในเลือด",
            "อินซูลินช่วยส่งเสริมการดูดซึมกลูโคสโดยเนื้อเยื่อทั้งหมดในร่างกาย"
        ]
    },
    {
        "question": "In a genetic test of a newborn, a rare genetic disorder is found that has X-linked recessive transmission. Which of the following statements is likely true regarding the pedigree of this disorder?",
        "subject": "college_medicine",
        "choices": [
            "All descendants on the maternal side will have the disorder.",
            "Females will be approximately twice as affected as males in this family.",
            "All daughters of an affected male will be affected.",
            "There will be equal distribution of males and females affected."
        ],
        "answer": 2,
        "th_question": "ในการทดสอบพันธุกรรมของทารกแรกเกิด พบว่ามีความผิดปกติทางพันธุกรรมที่หายากซึ่งมีการถ่ายทอดแบบ X-linked recessive",
        "th_choices": [
            "ลูกหลานทั้งหมดทางด้านมารดาจะมีความผิดปกตินี้",
            "หญิงจะได้รับผลกระทบประมาณสองเท่าของชายในครอบครัวนี้",
            "ลูกสาวทุกคนของชายที่ได้รับผลกระทบจะได้รับผลกระทบ",
            "จะมีการกระจายตัวของชายและหญิงที่ได้รับผลกระทบเท่ากัน"
        ]
    },
    {
        "question": "Glucose is transported into the muscle cell:",
        "subject": "college_medicine",
        "choices": [
            "via protein transporters called GLUT4.",
            "only in the presence of insulin.",
            "via hexokinase.",
            "via monocarbylic acid transporters."
        ],
        "answer": 0,
        "th_question": "กลูโคสถูกขนส่งเข้าไปในเซลล์กล้ามเนื้อ:",
        "th_choices": [
            "ผ่านโปรตีนขนส่งที่เรียกว่า GLUT4.",
            "เฉพาะในสถานะที่มีอินซูลิน.",
            "ผ่าน hexokinase.",
            "ผ่านขนส่งกรดโมโนคาร์บิลิก."
        ]
    }
]
