[
    {
        "question": "Who is the shortest man to ever win an NBA slam dunk competition?",
        "subject": "miscellaneous",
        "choices": [
            "Anthony 'Spud' Webb",
            "Michael 'Air' Jordan",
            "Tyrone 'Muggsy' Bogues",
            "Julius 'Dr J' Erving"
        ],
        "answer": 0,
        "th_question": "ใครคือผู้ชายที่สูงที่สุดที่เคยชนะการแข่งขันดังก์ของ NBA?",
        "th_choices": [
            "Anthony 'Spud' Webb",
            "Michael 'Air' Jordan",
            "Tyrone 'Muggsy' Bogues",
            "Julius 'Dr J' Erving"
        ]
    },
    {
        "question": "What place is named in the title of the 1979 live album by rock legends Cheap Trick?",
        "subject": "miscellaneous",
        "choices": [
            "Budapest",
            "Budokan",
            "Bhutan",
            "Britain"
        ],
        "answer": 1,
        "th_question": "สถานที่ใดถูกตั้งชื่อในชื่อของอัลบั้มสดปี 1979 โดยตำนานร็อค Cheap Trick?",
        "th_choices": [
            "บูดาเปสต์",
            "Budokan",
            "ภูฏาน",
            "บริเตน"
        ]
    },
    {
        "question": "Which of these songs was a Top 10 hit for the rock band The Police?",
        "subject": "miscellaneous",
        "choices": [
            "'Radio Ga-Ga'",
            "'Ob-la-di Ob-la-da'",
            "'De Do Do Do De Da Da Da'",
            "'In-a-Gadda-Da-Vida'"
        ],
        "answer": 2,
        "th_question": "เพลงไหนในเหล่านี้เป็นเพลงฮิต 10 อันดับแรกของวงร็อค The Police?",
        "th_choices": [
            "'Radio Ga-Ga'",
            "'Ob-la-di Ob-la-da'",
            "'De Do Do Do De Da Da Da'",
            "'In-a-Gadda-Da-Vida'"
        ]
    },
    {
        "question": "What is produced during photosynthesis?",
        "subject": "miscellaneous",
        "choices": [
            "hydrogen",
            "nylon",
            "oxygen",
            "light"
        ],
        "answer": 2,
        "th_question": "สารที่ผลิตขึ้นระหว่างการสังเคราะห์แสงคืออะไร?",
        "th_choices": [
            "ไฮโดรเจน",
            "ไนลอน",
            "ออกซิเจน",
            "แสง"
        ]
    },
    {
        "question": "How many axles does a standard automobile have?",
        "subject": "miscellaneous",
        "choices": [
            "one",
            "two",
            "four",
            "eight"
        ],
        "answer": 1,
        "th_question": "รถยนต์มาตรฐานมีเพลากี่เพลา?",
        "th_choices": [
            "หนึ่ง",
            "สอง",
            "สี่",
            "แปด"
        ]
    }
]
