[
    {
        "question": "Suppose that f(1 + x) = f(x) for all real x. If f is a polynomial and f(5) = 11, then f(15/2)",
        "subject": "college_mathematics",
        "choices": [
            "-11",
            "0",
            "11",
            "33/2"
        ],
        "answer": 2,
        "th_question": "สมมติว่า f(1 + x) = f(x) สำหรับทุกค่า x จริง ถ้า f เป็นพหุนาม และ f(5) = 11 แล้ว f(15/2)",
        "th_choices": [
            "-11",
            "0",
            "11",
            "33/2"
        ]
    },
    {
        "question": "A tank initially contains a salt solution of 3 grams of salt dissolved in 100 liters of water. A salt solution containing 0.02 grams of salt per liter of water is sprayed into the tank at a rate of 4 liters per minute. The sprayed solution is continually mixed with the salt solution in the tank, and the mixture flows out of the tank at a rate of 4 liters per minute. If the mixing is instantaneous, how many grams of salt are in the tank after 100 minutes have elapsed?",
        "subject": "college_mathematics",
        "choices": [
            "2",
            "2 - e^-2",
            "2 + e^-2",
            "2 + e^-4"
        ],
        "answer": 3,
        "th_question": "ถังหนึ่งเริ่มต้นมีสารละลายเกลือปริมาณ 3 กรัม ละลายอยู่ในน้ำ 100 ลิตร สารละลายเกลือที่มีเกลือ 0.02 กรัมต่อลิตรของน้ำถูกฉีดเข้าไปในถังด้วยอัตรา 4 ลิตรต่อนาที สารละลายที่ถูกฉีดเข้าไปนั้นจะถูกผสมอย่างต่อเนื่องกับสารละลายเกลือในถัง และส่วนผสมนั้นจะไหลออกจากถังด้วยอัตรา 4 ลิตรต่อนาที หากการผสมเป็นไปอย่างทันที หลังจากผ่านไป 100 นาที มีเกลือกี่กรัมอยู่ในถัง?",
        "th_choices": [
            "2",
            "2 - e^-2",
            "2 + e^-2",
            "2 + e^-4"
        ]
    },
    {
        "question": "Let A be a real 2x2 matrix. Which of the following statements must be true?\r\nI. All of the entries of A^2 are nonnegative.\r\nII. The determinant of A^2 is nonnegative.\r\nIII. If A has two distinct eigenvalues, then A^2 has two distinct eigenvalues.",
        "subject": "college_mathematics",
        "choices": [
            "I only",
            "II only",
            "III only",
            "II and III only"
        ],
        "answer": 1,
        "th_question": "ให้ A เป็นเมทริกซ์จริงขนาด 2x2 ข้อใดต่อไปนี้จะต้องเป็นจริง?I. สมาชิกทั้งหมดของ A^2 มีค่าไม่เป็นลบII. ดีเทอร์มิแนนต์ของ A^2 มีค่าไม่เป็นลบIII. ถ้า A มีค่าลักษณะเฉพาะที่แตกต่างกันสองค่า แล้ว A^2 จะมีค่าลักษณะเฉพาะที่แตกต่างกันสองค่า",
        "th_choices": [
            "I เท่านั้น",
            "II เท่านั้น",
            "III เท่านั้น",
            "II และ III เท่านั้น"
        ]
    },
    {
        "question": "Let V be the set of all real polynomials p(x). Let transformations T, S be defined on V by T:p(x) -> xp(x) and S:p(x) -> p'(x) = d/dx p(x), and interpret (ST)(p(x)) as S(T(p(x))). Which of the following is true?",
        "subject": "college_mathematics",
        "choices": [
            "ST = 0",
            "ST = T",
            "ST = TS",
            "ST - TS is the identity map of V onto itself."
        ],
        "answer": 3,
        "th_question": "ให้ V เป็นเซตของพหุนามจริงทั้งหมด p(x) ให้การแปลง T, S ถูกกำหนดบน V โดย T:p(x) -> xp(x) และ S:p(x) -> p'(x) = d/dx p(x) และตีความ (ST)(p(x)) ว่า S(T(p(x))) ข้อใดต่อไปนี้เป็นความจริง?",
        "th_choices": [
            "ST = 0",
            "ST = T",
            "ST = TS",
            "ST - TS เป็นการแมปเอกลักษณ์ของ V ไปยังตัวมันเอง"
        ]
    },
    {
        "question": "Let A be the set of all ordered pairs of integers (m, n) such that 7m + 12n = 22. What is the greatest negative number in the set B = {m + n : (m, n) \\in A}?",
        "subject": "college_mathematics",
        "choices": [
            "-5",
            "-4",
            "-3",
            "-2"
        ],
        "answer": 1,
        "th_question": "ให้ A เป็นเซตของคู่อันดับของจำนวนเต็ม (m, n) ที่ทำให้ 7m + 12n = 22 จำนวนลบที่มากที่สุดในเซต B = {m + n : (m, n) \\in A} คืออะไร?",
        "th_choices": [
            "-5",
            "-4",
            "-3",
            "-2"
        ]
    }
]
