[
    {
        "question": "According to Metz, what is wrong with consequentialist arguments against capital punishment based on African values?",
        "subject": "moral_disputes",
        "choices": [
            "It is unclear as of yet whether or not capital punishment deters harm to the community.",
            "It is unclear as of yet whether or not capital punishment deters harm to any individuals.",
            "Consequentialism is not supported by African values.",
            "Even though consequentialism is supported by African values, no consequentialist arguments framed in terms of African values have been offered."
        ],
        "answer": 0,
        "th_question": "ตามที่ Metz กล่าว มีอะไรผิดพลาดกับการโต้แย้งที่เน้นผลลัพธ์ต่อการลงโทษประหารชีวิตโดยอิงจากค่านิยมแอฟริกัน?",
        "th_choices": [
            "ยังไม่ชัดเจนในตอนนี้ว่าการลงโทษประหารชีวิตมีผลในการยับยั้งความเสียหายต่อชุมชนหรือไม่",
            "ยังไม่ชัดเจนในตอนนี้ว่าการลงโทษประหารชีวิตมีผลในการยับยั้งความเสียหายต่อบุคคลใดบุคคลหนึ่งหรือไม่",
            "การเน้นผลลัพธ์ไม่ได้รับการสนับสนุนจากค่านิยมแอฟริกัน",
            "แม้ว่าการเน้นผลลัพธ์จะได้รับการสนับสนุนจากค่านิยมแอฟริกัน แต่ยังไม่มีการโต้แย้งที่เน้นผลลัพธ์ซึ่งถูกนำเสนอโดยอิงจากค่านิยมแอฟริกัน"
        ]
    },
    {
        "question": "Which of the following is an intrinsic good, according to Singer?",
        "subject": "moral_disputes",
        "choices": [
            "being in the upper class",
            "the ability to learn and solve problems",
            "being more beautiful than most of the population",
            "being shorter than average"
        ],
        "answer": 1,
        "th_question": "ตามที่ Singer กล่าว สิ่งใดต่อไปนี้เป็นสิ่งที่ดีโดยธรรมชาติ?",
        "th_choices": [
            "การอยู่ในชั้นสูง",
            "ความสามารถในการเรียนรู้และแก้ปัญหา",
            "การมีความงามมากกว่าคนส่วนใหญ่",
            "การมีความสูงต่ำกว่าเฉลี่ย"
        ]
    },
    {
        "question": "Baron admits that the versions of the ticking bomb hypothetical she discusses are \"stunningly stupid,\" but she claims this is actually evidence of",
        "subject": "moral_disputes",
        "choices": [
            "the stupidity of most traditional philosophical examples.",
            "a general lack of intelligence among people with advanced degrees.",
            "the wrongness of torture.",
            "the readiness on the part of many intelligent people to see torture as the best solution to deal with terrorism."
        ],
        "answer": 3,
        "th_question": "บารอนยอมรับว่าเวอร์ชันของสมมติฐานระเบิดนาฬิกาที่เธอพูดถึงนั้น 'stunningly stupid,' แต่เธออ้างว่านี่คือหลักฐานของ",
        "th_choices": [
            "ความโง่เขลาของตัวอย่างปรัชญาแบบดั้งเดิมส่วนใหญ่",
            "ความขาดแคลนความฉลาดทั่วไปในหมู่คนที่มีปริญญาสูง",
            "ความผิดพลาดของการทรมาน",
            "ความพร้อมของคนฉลาดหลายคนที่จะมองการทรมานเป็นวิธีแก้ปัญหาที่ดีที่สุดในการจัดการกับการก่อการร้าย"
        ]
    },
    {
        "question": "A fertilized ovum is also known as",
        "subject": "moral_disputes",
        "choices": [
            "a zygote.",
            "an embryo.",
            "a viability.",
            "a blastocyst."
        ],
        "answer": 0,
        "th_question": "ไข่ที่ได้รับการปฏิสนธิยังเรียกว่า",
        "th_choices": [
            "ไซโกต.",
            "ตัวอ่อน.",
            "ความสามารถในการดำรงชีพ.",
            "บลาสโตซิสต์."
        ]
    },
    {
        "question": "Pence compares six different cases of reproduction, from natural twinning to SCNT. What conclusion does he draw from this comparison?",
        "subject": "moral_disputes",
        "choices": [
            "SCNT is not a different kind of reproduction because there are no morally relevant differences between it and other permissible means of reproduction.",
            "Because there is a low risk of harm for natural twinning, there will be a low risk of harm for SCNT.",
            "both A and B",
            "neither A nor B"
        ],
        "answer": 0,
        "th_question": "เพนซ์เปรียบเทียบกรณีการสืบพันธุ์หกแบบที่แตกต่างกัน ตั้งแต่การเกิดฝาแฝดธรรมชาติไปจนถึง SCNT คำสรุปที่เขาได้จากการเปรียบเทียบนี้คืออะไร?",
        "th_choices": [
            "SCNT ไม่ใช่วิธีการสืบพันธุ์ที่แตกต่าง เพราะไม่มีความแตกต่างที่เกี่ยวข้องกับศีลธรรมระหว่างมันกับวิธีการสืบพันธุ์อื่นๆ ที่ยอมรับได้",
            "เนื่องจากมีความเสี่ยงต่ำในการเกิดฝาแฝดธรรมชาติ จึงจะมีความเสี่ยงต่ำในการเกิด SCNT",
            "ทั้ง A และ B",
            "ไม่ใช่ A หรือ B"
        ]
    }
]
