[
    {
        "question": "Olivia used the rule \"Add 11\" to create the number pattern shown below. 10, 21, 32, 43, 54 Which statement about the number pattern is true?",
        "subject": "elementary_mathematics",
        "choices": [
            "The 10th number in the pattern will be an even number.",
            "The number pattern will never have two even numbers next to each other.",
            "The next two numbers in the pattern will be an even number then an odd number.",
            "If the number pattern started with an odd number then the pattern would have only odd numbers in it."
        ],
        "answer": 1,
        "th_question": "โอลิเวียใช้กฎ 'Add 11' เพื่อสร้างลวดลายตัวเลขที่แสดงด้านล่างนี้ 10, 21, 32, 43, 54 ข้อความใดเกี่ยวกับลวดลายตัวเลขนี้เป็นความจริง?",
        "th_choices": [
            "ตัวเลขที่ 10 ในลวดลายจะเป็นตัวเลขคู่",
            "ลวดลายตัวเลขจะไม่มีตัวเลขคู่สองตัวติดกันเลย",
            "ตัวเลขถัดไปสองตัวในลวดลายจะเป็นตัวเลขคู่ตามด้วยตัวเลขคี่",
            "หากลวดลายตัวเลขเริ่มต้นด้วยตัวเลขคี่แล้ว ลวดลายนั้นจะมีเพียงตัวเลขคี่เท่านั้น"
        ]
    },
    {
        "question": "A store sells 107 different colors of paint. They have 25 cans of each color in storage. The number of cans of paint the store has in storage can be found using the expression below. 107 × 25. How many cans of paint does the store have in storage?",
        "subject": "elementary_mathematics",
        "choices": [
            "749",
            "2,675",
            "2,945",
            "4,250"
        ],
        "answer": 1,
        "th_question": "ร้านค้าขายสีทาบ้าน 107 สีที่แตกต่างกัน พวกเขามีกระป๋องสีแต่ละสี 25 กระป๋องในคลังสินค้า จำนวนกระป๋องสีที่ร้านค้ามีในคลังสินค้าสามารถหาได้โดยใช้สมการด้านล่างนี้ 107 × 25 ร้านค้ามีกระป๋องสีกี่กระป๋องในคลังสินค้า?",
        "th_choices": [
            "749",
            "2,675",
            "2,945",
            "4,250"
        ]
    },
    {
        "question": "Which expression is equivalent to 5 x 9?",
        "subject": "elementary_mathematics",
        "choices": [
            "(5 x 4) x (6 x 5)",
            "(5 x 5) + (5 x 4)",
            "(5 x 5) + (5 x 9)",
            "(5 x 9) x (6 x 9)"
        ],
        "answer": 1,
        "th_question": "สมการใดเท่ากับ 5 x 9?",
        "th_choices": [
            "(5 x 4) x (6 x 5)",
            "(5 x 5) + (5 x 4)",
            "(5 x 5) + (5 x 9)",
            "(5 x 9) x (6 x 9)"
        ]
    },
    {
        "question": "The population of the city where Michelle was born is 145,826. What is the value of the 5 in the number 145,826?",
        "subject": "elementary_mathematics",
        "choices": [
            "5 thousands",
            "5 hundreds",
            "5 tens",
            "5 ones"
        ],
        "answer": 0,
        "th_question": "ประชากรของเมืองที่ Michelle เกิดมีจำนวน 145,826 คน ค่าของ 5 ในตัวเลข 145,826 คืออะไร?",
        "th_choices": [
            "5 พัน",
            "5 ร้อย",
            "5 สิบ",
            "5 หน่วย"
        ]
    },
    {
        "question": "A total of 30 players will play basketball at a park. There will be exactly 5 players on each team. Which statement correctly explains how to find the number of teams needed?",
        "subject": "elementary_mathematics",
        "choices": [
            "Add 5 to 30 to find 35 teams.",
            "Divide 30 by 5 to find 6 teams.",
            "Multiply 30 and 5 to find 150 teams.",
            "Subtract 5 from 30 to find 25 teams."
        ],
        "answer": 1,
        "th_question": "ทั้งหมด 30 คนจะเล่นบาสเกตบอลที่สวนสาธารณะ จะมีผู้เล่น 5 คนในแต่ละทีม ข้อความใดอธิบายถูกต้องว่าจะหาจำนวนทีมที่ต้องการได้อย่างไร?",
        "th_choices": [
            "บวก 5 เข้ากับ 30 เพื่อหา 35 ทีม",
            "หาร 30 ด้วย 5 เพื่อหา 6 ทีม",
            "คูณ 30 กับ 5 เพื่อหา 150 ทีม",
            "ลบ 5 ออกจาก 30 เพื่อหา 25 ทีม"
        ]
    }
]
