[
    {
        "question": "As of 2015, since 1990 forests have ____ in Europe and have ____ in Africa and the Americas.",
        "subject": "global_facts",
        "choices": [
            "increased, increased",
            "increased, decreased",
            "decreased, increased",
            "decreased, decreased"
        ],
        "answer": 1,
        "th_question": "ณ ปี 2015, ตั้งแต่ปี 1990 ป่าไม้ในยุโรปได้____ และได้____ในแอฟริกาและอเมริกา",
        "th_choices": [
            "เพิ่มขึ้น, เพิ่มขึ้น",
            "เพิ่มขึ้น, ลดลง",
            "ลดลง, เพิ่มขึ้น",
            "ลดลง, ลดลง"
        ]
    },
    {
        "question": "As of 2017, how many of the world’s 1-year-old children today have been vaccinated against some disease? *",
        "subject": "global_facts",
        "choices": [
            "80%",
            "60%",
            "40%",
            "20%"
        ],
        "answer": 0,
        "th_question": "ณ ปี 2017, มีกี่เปอร์เซ็นต์ของเด็กอายุ 1 ปีทั่วโลกในปัจจุบันที่ได้รับวัคซีนป้องกันโรคบางอย่าง? *",
        "th_choices": [
            "80%",
            "60%",
            "40%",
            "20%"
        ]
    },
    {
        "question": "Which of the following pairs of statements are both true (as of 2019)?",
        "subject": "global_facts",
        "choices": [
            "People tend to be optimistic about their own future and the future of their nation or the world.",
            "People tend to be optimistic about their own future but pessimistic about the future of their nation or the world.",
            "People tend to be pessimistic about their own future but optimistic about the future of their nation or the world.",
            "People tend to be pessimistic about their own future and the future of their nation or the world."
        ],
        "answer": 1,
        "th_question": "ข้อใดต่อไปนี้ที่คำสั่งทั้งสองเป็นจริง (ณ ปี 2019)?",
        "th_choices": [
            "ผู้คนมักจะมองโลกในแง่ดีเกี่ยวกับอนาคตของตนเองและอนาคตของชาติหรือโลกของพวกเขา",
            "ผู้คนมักจะมองโลกในแง่ดีเกี่ยวกับอนาคตของตนเองแต่มองโลกในแง่ร้ายเกี่ยวกับอนาคตของชาติหรือโลกของพวกเขา",
            "ผู้คนมักจะมองโลกในแง่ร้ายเกี่ยวกับอนาคตของตนเองแต่มองโลกในแง่ดีเกี่ยวกับอนาคตของชาติหรือโลกของพวกเขา",
            "ผู้คนมักจะมองโลกในแง่ร้ายเกี่ยวกับอนาคตของตนเองและอนาคตของชาติหรือโลกของพวกเขา"
        ]
    },
    {
        "question": "As of 2019, about what percentage of Americans agree that the state is run for the benefit of all the people?",
        "subject": "global_facts",
        "choices": [
            "31%",
            "46%",
            "61%",
            "76%"
        ],
        "answer": 1,
        "th_question": "ณ ปี 2019 มีสัดส่วนเท่าไหร่ของคนอเมริกันที่เห็นด้วยว่ารัฐบาลดำเนินการเพื่อประโยชน์ของประชาชนทั้งหมด?",
        "th_choices": [
            "31%",
            "46%",
            "61%",
            "76%"
        ]
    },
    {
        "question": "As of 2019, about what percentage of Russians say it is very important to have free media in our country without government/state censorship?",
        "subject": "global_facts",
        "choices": [
            "38%",
            "53%",
            "68%",
            "83%"
        ],
        "answer": 0,
        "th_question": "ณ ปี 2019 มีสัดส่วนเท่าไรของคนรัสเซียที่บอกว่ามันสำคัญมากที่จะมีสื่อเสรีในประเทศของเราโดยไม่มีการเซ็นเซอร์จากรัฐบาล/รัฐ?",
        "th_choices": [
            "38%",
            "53%",
            "68%",
            "83%"
        ]
    }
]
