[
    {
        "question": "Functions of the law include all but which of the following?",
        "subject": "jurisprudence",
        "choices": [
            "maximizing individual freedom",
            "providing a basis for compromise",
            "keeping the peace",
            "promoting the principles of the free enterprise system"
        ],
        "answer": 3,
        "th_question": "ฟังก์ชันของกฎหมายรวมถึงทุกอย่างยกเว้นข้อใดต่อไปนี้?",
        "th_choices": [
            "เพิ่มอิสระส่วนบุคคลให้สูงสุด",
            "ให้ฐานสำหรับการประนีประนอม",
            "รักษาความสงบ",
            "ส่งเสริมหลักการของระบบเศรษฐกิจแบบเสรีนิยม"
        ]
    },
    {
        "question": "Which position does Rawls claim is the least likely to be adopted by the POP (people in the original position)?",
        "subject": "jurisprudence",
        "choices": [
            "The POP would choose equality above liberty.",
            "The POP would opt for the 'maximin' strategy.",
            "The POP would opt for the 'difference principle'.",
            "The POP would reject the 'system of natural liberty.'"
        ],
        "answer": 0,
        "th_question": "Rawls อ้างว่าตำแหน่งใดที่ POP (คนในสถานะเริ่มต้น) มีแนวโน้มน้อยที่สุดที่จะเลือก?",
        "th_choices": [
            "POP จะเลือกความเท่าเทียมมากกว่าเสรีภาพ",
            "POP จะเลือกใช้กลยุทธ์ 'maximin'",
            "POP จะเลือกใช้ 'หลักการของความแตกต่าง'",
            "POP จะปฏิเสธ 'ระบบของเสรีภาพธรรมชาติ'"
        ]
    },
    {
        "question": "Iverson Jewelers wrote a letter to Miller, 'We have received an exceptionally fine self winding Rolox watch which we will sell to you at a very favorable price.'",
        "subject": "jurisprudence",
        "choices": [
            "The letter is an offer to sell",
            "A valid offer cannot be made by letter.",
            "The letter contains a valid offer which will terminate within a reasonable time.",
            "The letter lacks one of the essential elements of an offer."
        ],
        "answer": 3,
        "th_question": "Iverson Jewelers เขียนจดหมายถึง Miller, 'เราได้รับนาฬิกา Rolox ของเล่นตัวเองที่ดีเยี่ยมซึ่งเราจะขายให้คุณในราคาที่ดีมาก'",
        "th_choices": [
            "จดหมายนี้เป็นข้อเสนอในการขาย",
            "ข้อเสนอที่ถูกต้องไม่สามารถทำได้โดยจดหมาย",
            "จดหมายนี้มีข้อเสนอที่ถูกต้องซึ่งจะสิ้นสุดภายในเวลาที่เหมาะสม",
            "จดหมายนี้ขาดหนึ่งในองค์ประกอบสำคัญของข้อเสนอ"
        ]
    },
    {
        "question": "Which word best summarizes Weber's explanation of the development of formally rational law?",
        "subject": "jurisprudence",
        "choices": [
            "Authority.",
            "Charisma.",
            "Co-operation.",
            "Capitalism."
        ],
        "answer": 3,
        "th_question": "คำไหนสรุปคำอธิบายของ Weber เกี่ยวกับการพัฒนากฎหมายแบบมีเหตุผลแบบรูปแบบได้ดีที่สุด?",
        "th_choices": [
            "อำนาจ.",
            "คาริสมา.",
            "ความร่วมมือ.",
            "ทุนนิยม."
        ]
    },
    {
        "question": "The ________ School of jurisprudence postulates that the law is based on what is \"correct.\"",
        "subject": "jurisprudence",
        "choices": [
            "Natural Law",
            "Analytical",
            "Historical",
            "Sociological"
        ],
        "answer": 0,
        "th_question": "โรงเรียน ________ ของนิติศาสตร์สันนิษฐานว่ากฎหมายมีพื้นฐานอยู่บนสิ่งที่ถูกต้อง",
        "th_choices": [
            "Natural Law",
            "Analytical",
            "Historical",
            "Sociological"
        ]
    }
]
