[
    {
        "question": "The great Mayan king Pacal built temples in the city of Palenque in order to:",
        "subject": "prehistory",
        "choices": [
            "satisfy the powerful Mayan astronomer priests.",
            "display his generosity to the common people, since they were allowed to live in the temples.",
            "frighten away enemies, in particular the Spaniards.",
            "legitimize his kingship, since his father was not royal."
        ],
        "answer": 3,
        "th_question": "พระมหากษัตริย์มายันผู้ยิ่งใหญ่ Pacal สร้างวัดในเมือง Palenque เพื่อ:",
        "th_choices": [
            "ตอบสนองพระสงฆ์ดาราศาสตร์มายันผู้ทรงอำนาจ",
            "แสดงความเอื้อเฟื้อต่อประชาชนทั่วไป เนื่องจากพวกเขาได้รับอนุญาตให้อาศัยอยู่ในวัด",
            "ข่มขู่ศัตรู โดยเฉพาะอย่างยิ่ง ชาวสเปน",
            "รับรองความชอบธรรมในการเป็นกษัตริย์ของเขา เนื่องจากพ่อของเขาไม่ใช่พระราชวงศ์"
        ]
    },
    {
        "question": "Researchers now believe that the decline of the Maya was caused chiefly by:",
        "subject": "prehistory",
        "choices": [
            "a cataclysm of some kind, such as an earthquake, volcano, or tsunami.",
            "ecological degradation resulting from slash-and-burn farming techniques.",
            "endless wars between neighboring Mayan city-states.",
            "practices of interbreeding that led to a steep rise in congenital disorders."
        ],
        "answer": 1,
        "th_question": "นักวิจัยในปัจจุบันเชื่อว่าการล่มสลายของชาวมายาเกิดจากสาเหตุหลักคือ:",
        "th_choices": [
            "ภัยพิบัติประเภทใดประเภทหนึ่ง เช่น แผ่นดินไหว ภูเขาไฟ หรือสึนามิ",
            "การเสื่อมโทรมทางนิเวศวิทยาที่เกิดจากเทคนิคการเพาะปลูกแบบไร่เผา",
            "สงครามที่ไม่มีวันสิ้นสุดระหว่างรัฐเมืองมายาที่อยู่ใกล้เคียงกัน",
            "การปฏิบัติการผสมพันธุ์ภายในที่นำไปสู่การเพิ่มขึ้นอย่างรวดเร็วของโรคพันธุกรรม"
        ]
    },
    {
        "question": "What is the approximate mean cranial capacity of Homo erectus?",
        "subject": "prehistory",
        "choices": [
            "under 650 cc",
            "about 800 cc",
            "just under 1000 cc",
            "1200 cc"
        ],
        "answer": 2,
        "th_question": "ความจุโพรงสมองโดยประมาณของ Homo erectus คือเท่าไร?",
        "th_choices": [
            "ต่ำกว่า 650 ซีซี",
            "ประมาณ 800 ซีซี",
            "เพียงแค่ต่ำกว่า 1000 ซีซี",
            "1200 ซีซี"
        ]
    },
    {
        "question": "According to Timothy Pauketat, the evidence for social stratification and political power at Cahokia suggests:",
        "subject": "prehistory",
        "choices": [
            "a center of Mississippian civilization with conditions similar to the rise of early states.",
            "the limitations of authority in a Native American society of egalitarian foragers.",
            "a simple chiefdom or perhaps a complex chiefdom had evolved by A.D. 1500.",
            "a center of Mississippian civilization with conditions similar to societies on the Northwest Coast of North America."
        ],
        "answer": 0,
        "th_question": "ตามที่ Timothy Pauketat กล่าว หลักฐานของการแบ่งชั้นสังคมและอำนาจทางการเมืองที่ Cahokia ชี้ให้เห็นว่า:",
        "th_choices": [
            "ศูนย์กลางของอารยธรรม Mississippian ที่มีสภาพคล้ายกับการเกิดขึ้นของรัฐในยุคแรกๆ",
            "ข้อจำกัดของอำนาจในสังคมชนพื้นเมืองอเมริกันที่มีความเท่าเทียมในการหาอาหาร",
            "หัวหน้าเผ่าง่ายๆ หรือบางทีอาจเป็นหัวหน้าเผ่าที่ซับซ้อนได้พัฒนาขึ้นในปี ค.ศ. 1500",
            "ศูนย์กลางของอารยธรรม Mississippian ที่มีสภาพคล้ายกับสังคมบนชายฝั่งตะวันตกเฉียงเหนือของอเมริกาเหนือ"
        ]
    },
    {
        "question": "Recent research on hominid species dating from the Middle Pliocene indicates there was (as of 2020):",
        "subject": "prehistory",
        "choices": [
            "a great amount of species diversity, or a single species that exhibited a lot of diversity.",
            "very little species diversity during this period and very few hominids.",
            "decreased species diversity due to a prolonged ice age followed by a severe drought.",
            "decreased species diversity but increased numbers of hammerstones and flakes, indicating stone tool manufacture."
        ],
        "answer": 0,
        "th_question": "การวิจัยล่าสุดเกี่ยวกับสายพันธุ์โฮมินิดที่มีอายุตั้งแต่ช่วงกลางพลีโอซีนบ่งชี้ว่า ณ ปี 2020:",
        "th_choices": [
            "มีความหลากหลายของสายพันธุ์อย่างมาก หรือสายพันธุ์เดียวที่แสดงความหลากหลายอย่างมาก",
            "ความหลากหลายของสายพันธุ์น้อยมากในช่วงเวลานี้ และโฮมินิดมีจำนวนน้อยมาก",
            "ความหลากหลายของสายพันธุ์ลดลงเนื่องจากยุคน้ำแข็งที่ยืดเยื้อตามด้วยภัยแล้งรุนแรง",
            "ความหลากหลายของสายพันธุ์ลดลง แต่จำนวนของหินทุบและเศษหินเพิ่มขึ้น บ่งชี้การผลิตเครื่องมือหิน"
        ]
    }
]
