[
    {
        "question": "The energy for all forms of muscle contraction is provided by:",
        "subject": "clinical_knowledge",
        "choices": [
            "ATP.",
            "ADP.",
            "phosphocreatine.",
            "oxidative phosphorylation."
        ],
        "answer": 0,
        "th_question": "พลังงานสำหรับการหดตัวของกล้ามเนื้อทุกรูปแบบได้รับจาก:",
        "th_choices": [
            "ATP.",
            "ADP.",
            "phosphocreatine.",
            "oxidative phosphorylation."
        ]
    },
    {
        "question": "Glycolysis is the name given to the pathway involving the conversion of:",
        "subject": "clinical_knowledge",
        "choices": [
            "glycogen to glucose-1-phosphate.",
            "glycogen or glucose to fructose.",
            "glycogen or glucose to pyruvate or lactate.",
            "glycogen or glucose to pyruvate or acetyl CoA."
        ],
        "answer": 2,
        "th_question": "กลัยโคไลซิสคือชื่อที่ให้กับเส้นทางที่เกี่ยวข้องกับการแปลง:",
        "th_choices": [
            "ไกลโคเจนเป็นกลูโคส-1-ฟอสเฟต",
            "ไกลโคเจนหรือกลูโคสเป็นฟรุกโตส",
            "ไกลโคเจนหรือกลูโคสเป็นไพรูเวตหรือแลคเตต",
            "ไกลโคเจนหรือกลูโคสเป็นไพรูเวตหรืออะซิทิล โคเอ"
        ]
    },
    {
        "question": "In the assessment of the hand function which of the following is true?",
        "subject": "clinical_knowledge",
        "choices": [
            "Abduction of the thumb is supplied by spinal root T2",
            "Opposition of the thumb by opponens policis is supplied by spinal root T1",
            "Finger adduction is supplied by the median nerve",
            "Finger abduction is mediated by the palmar interossei"
        ],
        "answer": 1,
        "th_question": "ในการประเมินการทำงานของมือ ข้อใดต่อไปนี้เป็นความจริง?",
        "th_choices": [
            "การแยกนิ้วหัวแม่มือออกจากกันได้รับการส่งเสริมจากรากไขสันหลัง T2",
            "การต่อต้านของนิ้วหัวแม่มือโดย opponens policis ได้รับการส่งเสริมจากรากไขสันหลัง T1",
            "การเพิ่มนิ้วได้รับการส่งเสริมจากเส้นประสาท median",
            "การแยกนิ้วได้รับการส่งเสริมจาก palmar interossei"
        ]
    },
    {
        "question": "How many attempts should you make to cannulate a patient before passing the job on to a senior colleague, according to the medical knowledge of 2020?",
        "subject": "clinical_knowledge",
        "choices": [
            "4",
            "3",
            "2",
            "1"
        ],
        "answer": 2,
        "th_question": "คุณควรพยายามใส่สายสวนให้กับผู้ป่วยกี่ครั้งก่อนที่จะส่งงานให้กับเพื่อนร่วมงานที่มีอาวุโสมากกว่า ตามความรู้ทางการแพทย์ของปี 2020?",
        "th_choices": [
            "4",
            "3",
            "2",
            "1"
        ]
    },
    {
        "question": "What is the difference between a male and a female catheter?",
        "subject": "clinical_knowledge",
        "choices": [
            "Male and female catheters are different colours.",
            "Male catheters are longer than female catheters.",
            "Male catheters are bigger than female catheters.",
            "Female catheters are longer than male catheters."
        ],
        "answer": 1,
        "th_question": "ความแตกต่างระหว่างสายสวนปัสสาวะชายและหญิงคืออะไร?",
        "th_choices": [
            "สายสวนปัสสาวะชายและหญิงมีสีที่แตกต่างกัน",
            "สายสวนปัสสาวะชายยาวกว่าสายสวนปัสสาวะหญิง",
            "สายสวนปัสสาวะชายใหญ่กว่าสายสวนปัสสาวะหญิง",
            "สายสวนปัสสาวะหญิงยาวกว่าสายสวนปัสสาวะชาย"
        ]
    }
]
