[
    {
        "question": "A federal deficit occurs when",
        "subject": "high_school_macroeconomics",
        "choices": [
            "exports exceed imports.",
            "imports exceed exports.",
            "federal tax collections exceed spending.",
            "federal spending exceeds federal tax revenues."
        ],
        "answer": 3,
        "th_question": "เกิดการขาดดุลของรัฐบาลกลางเมื่อ",
        "th_choices": [
            "การส่งออกเกินการนำเข้า",
            "การนำเข้าเกินการส่งออก",
            "การเก็บภาษีของรัฐบาลกลางเกินการใช้จ่าย",
            "การใช้จ่ายของรัฐบาลกลางเกินรายได้จากภาษีของรัฐบาลกลาง"
        ]
    },
    {
        "question": "The short-run Phillips curve indicates a",
        "subject": "high_school_macroeconomics",
        "choices": [
            "direct relation between unemployment and inflation",
            "direct relation between price and quantity demanded",
            "inverse relation between price and quantity demanded",
            "inverse relation between unemployment and inflation"
        ],
        "answer": 3,
        "th_question": "เส้นโค้งฟิลลิปส์ระยะสั้นบ่งชี้ถึง",
        "th_choices": [
            "ความสัมพันธ์โดยตรงระหว่างการว่างงานกับเงินเฟ้อ",
            "ความสัมพันธ์โดยตรงระหว่างราคากับปริมาณที่ต้องการ",
            "ความสัมพันธ์โดยตรงระหว่างราคากับปริมาณที่ต้องการ",
            "ความสัมพันธ์โดยตรงระหว่างการว่างงานกับเงินเฟ้อ"
        ]
    },
    {
        "question": "Which of the following policies best describes supply-side fiscal policy?",
        "subject": "high_school_macroeconomics",
        "choices": [
            "An increase in the money supply",
            "Increased government spending",
            "Lower taxes on research and development of new technology",
            "Higher taxes on household income"
        ],
        "answer": 2,
        "th_question": "นโยบายใดต่อไปนี้อธิบายนโยบายการคลังที่เน้นด้านอุปทานได้ดีที่สุด?",
        "th_choices": [
            "การเพิ่มปริมาณเงินในระบบ",
            "การเพิ่มการใช้จ่ายของรัฐบาล",
            "การลดภาษีสำหรับการวิจัยและพัฒนาเทคโนโลยีใหม่",
            "การเพิ่มภาษีสำหรับรายได้ของครัวเรือน"
        ]
    },
    {
        "question": "Holding all else equal which of the following monetary policies would be used to boost U.S. exports?",
        "subject": "high_school_macroeconomics",
        "choices": [
            "Increasing the discount rate",
            "Increasing the reserve ratio",
            "Buying government securities",
            "Lowering tariffs"
        ],
        "answer": 2,
        "th_question": "ถ้าถือว่าปัจจัยอื่นๆ เท่ากัน นโยบายการเงินใดต่อไปนี้จะถูกใช้เพื่อกระตุ้นการส่งออกของสหรัฐอเมริกา?",
        "th_choices": [
            "เพิ่มอัตราดอกเบี้ยส่วนลด",
            "เพิ่มอัตราสำรอง",
            "ซื้อหลักทรัพย์ของรัฐบาล",
            "ลดอัตราภาษีนำเข้า"
        ]
    },
    {
        "question": "Which of the following is not included in the U.S. GDP?",
        "subject": "high_school_macroeconomics",
        "choices": [
            "The U.S. military opens a new base in a foreign country with 1000 U.S. personnel.",
            "Japanese consumers buy thousands of CDs produced in the United States.",
            "An American pop singer performs a sold-out concert in Paris.",
            "A French theatrical production tours dozens of American cities."
        ],
        "answer": 2,
        "th_question": "ข้อใดต่อไปนี้ไม่ถูกรวมอยู่ใน GDP ของสหรัฐอเมริกา?",
        "th_choices": [
            "กองทัพสหรัฐอเมริกาเปิดฐานทัพใหม่ในประเทศต่างประเทศพร้อมด้วยบุคลากรสหรัฐอเมริกา 1,000 คน",
            "ผู้บริโภคชาวญี่ปุ่นซื้อซีดีหลายพันแผ่นที่ผลิตในสหรัฐอเมริกา",
            "นักร้องป็อปชาวอเมริกันแสดงคอนเสิร์ตที่ขายหมดทุกที่นั่งในปารีส",
            "การแสดงละครฝรั่งเศสทัวร์หลายสิบเมืองในอเมริกา"
        ]
    }
]
