[
    {
        "question": "Two long parallel conductors carry 100 A. If the conductors are separated by 20 mm, the force per meter of length of each conductor will be",
        "subject": "electrical_engineering",
        "choices": [
            "100 N.",
            "0.1 N.",
            "1 N.",
            "0.01 N."
        ],
        "answer": 1,
        "th_question": "สองตัวนำขนานยาวนำกระแส 100 แอมแปร์ หากตัวนำถูกแยกออกจากกัน 20 มิลลิเมตร แรงต่อเมตรของความยาวของแต่ละตัวนำจะเป็น",
        "th_choices": [
            "100 นิวตัน",
            "0.1 นิวตัน",
            "1 นิวตัน",
            "0.01 นิวตัน"
        ]
    },
    {
        "question": "A point pole has a strength of 4π * 10^-4 weber. The force in newtons on a point pole of 4π * 1.5 * 10^-4 weber placed at a distance of 10 cm from it will be",
        "subject": "electrical_engineering",
        "choices": [
            "15 N.",
            "20 N.",
            "7.5 N.",
            "3.75 N."
        ],
        "answer": 0,
        "th_question": "จุดขั้วมีความแข็งแรง 4π * 10^-4 เวเบอร์ แรงในหน่วยนิวตันที่มีต่อจุดขั้วของ 4π * 1.5 * 10^-4 เวเบอร์ที่วางอยู่ห่างออกไป 10 ซม. จากมันจะเป็น",
        "th_choices": [
            "15 N.",
            "20 N.",
            "7.5 N.",
            "3.75 N."
        ]
    },
    {
        "question": "In a 2 pole lap winding dc machine , the resistance of one conductor is 2Ω and total number of conductors is 100. Find the total resistance",
        "subject": "electrical_engineering",
        "choices": [
            "200Ω",
            "100Ω",
            "50Ω",
            "10Ω"
        ],
        "answer": 2,
        "th_question": "ในเครื่องกระแสตรงที่มีการล้อมขั้ว 2 ขั้ว ความต้านทานของตัวนำหนึ่งเส้นคือ 2Ω และจำนวนตัวนำทั้งหมดคือ 100 เส้น หาความต้านทานรวม",
        "th_choices": [
            "200Ω",
            "100Ω",
            "50Ω",
            "10Ω"
        ]
    },
    {
        "question": "In an SR latch built from NOR gates, which condition is not allowed",
        "subject": "electrical_engineering",
        "choices": [
            "S=0, R=0",
            "S=0, R=1",
            "S=1, R=0",
            "S=1, R=1"
        ],
        "answer": 3,
        "th_question": "ใน SR latch ที่สร้างจาก NOR gates, สภาวะใดที่ไม่ได้รับอนุญาต",
        "th_choices": [
            "S=0, R=0",
            "S=0, R=1",
            "S=1, R=0",
            "S=1, R=1"
        ]
    },
    {
        "question": "The coil of a moving coil meter has 100 turns, is 40 mm long and 30 mm wide. The control torque is 240*10-6 N-m on full scale. If magnetic flux density is 1Wb/m2 range of meter is",
        "subject": "electrical_engineering",
        "choices": [
            "1 mA.",
            "2 mA.",
            "3 mA.",
            "4 mA."
        ],
        "answer": 1,
        "th_question": "ขดลวดของมิเตอร์แบบเคลื่อนที่มี 100 รอบ ยาว 40 มม. และกว้าง 30 มม. แรงบิดควบคุมอยู่ที่ 240*10-6 นิวตัน-เมตร ในระดับเต็มสเกล หากความหนาแน่นของฟลักซ์แม่เหล็กเท่ากับ 1Wb/m2 ช่วงของมิเตอร์คือ",
        "th_choices": [
            "1 มิลลิแอมป์.",
            "2 มิลลิแอมป์.",
            "3 มิลลิแอมป์.",
            "4 มิลลิแอมป์."
        ]
    }
]
