[
    {
        "question": "This question refers to the following information.\n\"The real grievance of the worker is the insecurity of his existence; he is not sure that he will always have work, he is not sure that he will always be healthy, and he foresees that he will one day be old and unfit to work. If he falls into poverty, even if only through a prolonged illness, he is then completely helpless, exam_ins to his own devices, and society does not currently recognize any real obligation towards him beyond the usual help for the poor, even if he has been working all the time ever so faithfully and diligently. The usual help for the poor, however, leaves a lot to be desired, especially in large cities, where it is very much worse than in the country.\"\nOtto von Bismarck, 1884\nOtto von Bismarck likely made this speech in reaction to which of the following issues?",
        "subject": "high_school_world_history",
        "choices": [
            "Social acceptance of child labor",
            "Declining life expectancy in Germany",
            "Criticisms of German trade tariffs",
            "Negative effects attributed to industrial capitalism"
        ],
        "answer": 3,
        "th_question": "คำถามนี้อ้างอิงข้อมูลต่อไปนี้'ความไม่พอใจจริงๆ ของผู้ใช้แรงงานคือความไม่มั่นคงของการดำรงอยู่ของเขา; เขาไม่แน่ใจว่าเขาจะมีงานทำเสมอไป, เขาไม่แน่ใจว่าเขาจะมีสุขภาพดีเสมอไป, และเขาคาดการณ์ว่าวันหนึ่งเขาจะแก่และไม่สามารถทำงานได้ หากเขาตกอยู่ในความยากจน, แม้แต่เพียงเพราะการป่วยเป็นเวลานาน, เขาจะกลายเป็นคนที่ไม่มีทางเลือกอย่างสิ้นเชิง, ต้องพึ่งพาตัวเอง, และสังคมในปัจจุบันไม่ยอมรับภาระหน้าที่ใดๆ ที่แท้จริงต่อเขาเกินกว่าความช่วยเหลือทั่วไปสำหรับคนยากจน, แม้ว่าเขาจะทำงานอย่างซื่อสัตย์และขยันขันแข็งมาตลอดเวลาก็ตาม ความช่วยเหลือทั่วไปสำหรับคนยากจน, อย่างไรก็ตาม, ยังมีอะไรที่ต้องการมากมาย, โดยเฉพาะอย่างยิ่งในเมืองใหญ่, ที่ซึ่งมันแย่กว่าในชนบทมาก'Otto von Bismarck, 1884Otto von Bismarck น่าจะกล่าวสุนทรพจน์นี้เพื่อตอบสนองต่อปัญหาใดต่อไปนี้?",
        "th_choices": [
            "การยอมรับทางสังคมของการใช้แรงงานเด็ก",
            "การลดลงของอายุคาดหวังในเยอรมนี",
            "การวิพากษ์วิจารณ์ของภาษีการค้าเยอรมัน",
            "ผลกระทบลบที่ถูกกล่าวหาต่อทุนนิยมอุตสาหกรรม"
        ]
    },
    {
        "question": "This question refers to the following information.\n\"The struggle against neo-colonialism is not aimed at excluding the capital of the developed world from operating in less developed countries. It is aimed at preventing the financial power of the developed countries being used in such a way as to impoverish the less developed.\nNon-alignment, as practiced by Ghana and many other countries, is based on co-operation with all States whether they be capitalist, socialist or have a mixed economy. Such a policy, therefore, involves foreign investment from capitalist countries, but it must be invested in accordance with a national plan drawn up by the government of the non-aligned State with its own interests in mind. The issue is not what return the foreign investor receives on his investments…The question is one of power. A State in the grip of neo-colonialism is not master of its own destiny.\"\nKwame Nkrumah, Neo-Colonialism, 1965\nWhich of the following provides the best context for Nkrumah's writings?",
        "subject": "high_school_world_history",
        "choices": [
            "The Industrial Revolution",
            "Decolonization",
            "Regional Free Trade Associations",
            "Autarky"
        ],
        "answer": 1,
        "th_question": "คำถามนี้อ้างอิงข้อมูลต่อไปนี้การต่อสู้กับลัทธิอาณานิคมใหม่ไม่ได้มีจุดมุ่งหมายเพื่อแยกทุนจากโลกพัฒนาแล้วออกจากการดำเนินงานในประเทศที่พัฒนาน้อยกว่า แต่มีจุดมุ่งหมายเพื่อป้องกันไม่ให้อำนาจทางการเงินของประเทศพัฒนาแล้วถูกใช้ในลักษณะที่ทำให้ประเทศที่พัฒนาน้อยกว่ายากจนลงการไม่เลือกข้าง ตามที่ประเทศกานาและประเทศอื่นๆ หลายประเทศปฏิบัติ มีพื้นฐานมาจากความร่วมมือกับทุกประเทศไม่ว่าจะเป็นประเทศที่มีระบบทุนนิยม สังคมนิยม หรือมีเศรษฐกิจผสม นโยบายดังกล่าว ดังนั้น จึงเกี่ยวข้องกับการลงทุนจากต่างประเทศจากประเทศทุนนิยม แต่ต้องลงทุนตามแผนชาติที่รัฐบาลของรัฐที่ไม่เลือกข้างวางไว้โดยคำนึงถึงผลประโยชน์ของตนเอง ประเด็นไม่ใช่ผลตอบแทนที่นักลงทุนต่างชาติได้รับจากการลงทุนของเขา...คำถามคือเรื่องของอำนาจ รัฐที่อยู่ภายใต้ลัทธิอาณานิคมใหม่ไม่ใช่เจ้าของชะตากรรมของตนเองKwame Nkrumah, Neo-Colonialism, 1965ข้อใดให้บริบทที่ดีที่สุดสำหรับงานเขียนของ Nkrumah?",
        "th_choices": [
            "การปฏิวัติอุตสาหกรรม",
            "การปลดอาณานิคม",
            "สมาคมการค้าเสรีภูมิภาค",
            "ออทาร์กี"
        ]
    },
    {
        "question": "This question refers to the following information.\n\"At least one of the [world's] societies would have to somehow enormously increase its productivity [in order to achieve global hegemony]. That quantum jump would have to be made before the various scientific, technological, agricultural, and industrial revolutions on which our post-quantum-leap world rests. It could only be accomplished by exploiting the ecosystems, mineral resources, and human assets of whole continents outside the lands of the society making the jump. Western Europe did just that by means of its brutality and guns and, more important, by geographical and ecological luck.\"\nCopyright © 2015 Cambridge University Press.\nAlfred Crosby, historian, Ecological Imperialism, 2004\nThe \"quantum jump\" mentioned in the passage most directly contributed to which of the following developments in the period 1450–1750 C.E.?",
        "subject": "high_school_world_history",
        "choices": [
            "A breakdown in trade routes through the collapse of the established state structure",
            "An increase in the population of the world through more plentiful supplies of food",
            "The spread of Chinese and Indian belief systems across the world",
            "An increase in social unrest"
        ],
        "answer": 1,
        "th_question": "คำถามนี้อ้างอิงถึงข้อมูลต่อไปนี้'อย่างน้อยหนึ่งในสังคม[world's]จะต้องเพิ่มผลผลิตของตนอย่างมหาศาล[เพื่อที่จะบรรลุการเป็นผู้นำระดับโลก] การกระโดดควอนตัมนั้นจะต้องทำได้ก่อนการปฏิวัติทางวิทยาศาสตร์ เทคโนโลยี การเกษตร และอุตสาหกรรมต่างๆ ซึ่งโลกหลังการกระโดดควอนตัมของเราพึ่งพาอยู่ มันสามารถทำได้เพียงแค่การใช้ประโยชน์จากระบบนิเวศ ทรัพยากรแร่ธาตุ และทรัพยากรมนุษย์ของทวีปทั้งหมดนอกจากดินแดนของสังคมที่ทำการกระโดดนั้น ยุโรปตะวันตกทำเช่นนั้นได้โดยการใช้ความโหดร้ายและปืน และสำคัญกว่านั้น โดยโชคทางภูมิศาสตร์และนิเวศวิทยา'Copyright © 2015 Cambridge University Press.Alfred Crosby, นักประวัติศาสตร์, Ecological Imperialism, 2004การ'กระโดดควอนตัม'ที่กล่าวถึงในข้อความนี้ส่งผลโดยตรงต่อการพัฒนาใดในช่วงปี 1450–1750 C.E. มากที่สุด?",
        "th_choices": [
            "การล่มสลายของเส้นทางการค้าผ่านการพังทลายของโครงสร้างรัฐที่มีอยู่",
            "การเพิ่มขึ้นของประชากรโลกผ่านแหล่งอาหารที่มีมากขึ้น",
            "การแพร่กระจายของระบบความเชื่อของจีนและอินเดียทั่วโลก",
            "การเพิ่มขึ้นของความไม่สงบทางสังคม"
        ]
    },
    {
        "question": "This question refers to the following information.\n\"Indeed, as both the fatwas of distinguished [scholars] who base their opinion on reason and tradition alike and the consensus of the Sunni community agree that the ancient obligation of extirpation, extermination, and expulsion of evil innovation must be the aim of our exalted aspiration, for \"Religious zeal is a victory for the Faith of God the Beneficent\"; then, in accordance with the words of the Prophet (Peace upon him!) \"Whosoever introduces evil innovation into our order must be expelled\" and \"Whosoever does aught against our order must be expelled,\" action has become necessary and exigent…\"\nLetter from Ottoman Sultan Selim I to Safavid Shah Ismail I, 1514\nThe letter from Selim I is most clearly an example of which of the following?",
        "subject": "high_school_world_history",
        "choices": [
            "The maintenance of military supremacy at all costs",
            "Expanding tensions between religious sects",
            "Factors that brought about the collapse of the Ottoman Empire",
            "Peacemaking efforts among the Islamic empires"
        ],
        "answer": 1,
        "th_question": "คำถามนี้อ้างอิงข้อมูลต่อไปนี้'จริงอยู่ที่ทั้งฟัตวาของนักวิชาการที่มีชื่อเสียง [scholars] ที่ให้ความเห็นโดยอาศัยเหตุผลและประเพณีเหมือนกัน และความเห็นร่วมกันของชุมชนซุนนีต่างยอมรับว่า ภาระหน้าที่โบราณในการกำจัด การทำลาย และการขับไล่นวัตกรรมชั่วร้ายนั้นต้องเป็นเป้าหมายของความปรารถนาสูงส่งของเรา เพราะ 'ความกระตือรือร้นทางศาสนาเป็นชัยชนะสำหรับศรัทธาของพระเจ้าผู้เมตตา'; ดังนั้น ตามคำพูดของศาสดา (สันติภาพจงมีแก่ท่าน!) 'ผู้ใดที่นำนวัตกรรมชั่วร้ายเข้ามาในระเบียบของเราต้องถูกขับไล่' และ 'ผู้ใดที่กระทำการใดๆ ต่อต้านระเบียบของเราต้องถูกขับไล่' การดำเนินการจึงกลายเป็นสิ่งที่จำเป็นและเร่งด่วน…'จดหมายจากสุลต่านออตโตมัน เซลิมที่ 1 ถึงชาห์อิสมาอิลที่ 1 ของซาฟาวิด, 1514จดหมายจากเซลิมที่ 1 เป็นตัวอย่างที่ชัดเจนที่สุดของข้อใดต่อไปนี้?",
        "th_choices": [
            "การรักษาความเหนือกว่าทางทหารโดยไม่คำนึงถึงค่าใช้จ่าย",
            "การขยายความตึงเครียดระหว่างภาคีทางศาสนา",
            "ปัจจัยที่นำไปสู่การล่มสลายของจักรวรรดิออตโตมัน",
            "ความพยายามในการสร้างสันติภาพระหว่างจักรวรรดิอิสลาม"
        ]
    },
    {
        "question": "This question refers to the following information.\nHe contains all works and desires and all perfumes and all tastes. He enfolds the whole universe and in silence is loving to all. This is the Spirit that is in my heart, this is Brahman. To him I shall come when I go beyond this life, and to him will come he who has faith and doubts not.\n—The Upanishads, India, c. 1000 BCE\nTo which religion does the speaker most likely belong?",
        "subject": "high_school_world_history",
        "choices": [
            "Hinduism",
            "Buddhism",
            "Shintoism",
            "Zoroastrianism"
        ],
        "answer": 0,
        "th_question": "คำถามนี้อ้างอิงข้อมูลต่อไปนี้เขามีผลงานทั้งหมด มีความปรารถนาทั้งหมด มีกลิ่นหอมทั้งหมด และมีรสชาติทั้งหมด เขากอดรัดจักรวาลทั้งหมด และในความเงียบสงบนั้น เขามีความรักต่อทุกสรรพสิ่ง นี่คือจิตวิญญาณที่อยู่ในหัวใจของฉัน นี่คือ Brahman ฉันจะไปหาเขาเมื่อฉันจากไปจากชีวิตนี้ และเขาจะมาหาผู้ที่มีศรัทธาและไม่สงสัย—The Upanishads, India, c. 1000 BCEศาสนาใดที่ผู้พูดน่าจะนับถือมากที่สุด?",
        "th_choices": [
            "ฮินดู",
            "พุทธ",
            "ชินโต",
            "โซโรอัสเตอร์"
        ]
    }
]
