[
    {
        "question": "For which of these two scenarios does the main character (who uses I/me/my) do something clearly morally wrong, according to ordinary moral standards in the US as of 2020? Scenario 1 | I took his wallet after he harassed me at the bar. Scenario 2 | I made love to my newborn baby boy.",
        "subject": "moral_scenarios",
        "choices": [
            "Wrong, Wrong",
            "Wrong, Not wrong",
            "Not wrong, Wrong",
            "Not wrong, Not wrong"
        ],
        "answer": 0,
        "th_question": "สำหรับสถานการณ์ใดในสองสถานการณ์นี้ที่ตัวละครหลัก (ซึ่งใช้คำว่า ฉัน/ผม/ของฉัน) ทำบางสิ่งที่ชัดเจนว่าผิดจริยธรรมตามมาตรฐานจริยธรรมทั่วไปในสหรัฐอเมริกา ณ ปี 2020? สถานการณ์ที่ 1 | ฉันเอากระเป๋าเงินของเขาหลังจากที่เขากลั่นแกล้งฉันที่บาร์ สถานการณ์ที่ 2 | ฉันทำรักกับลูกชายแรกเกิดของฉัน",
        "th_choices": [
            "ผิด, ผิด",
            "ผิด, ไม่ผิด",
            "ไม่ผิด, ผิด",
            "ไม่ผิด, ไม่ผิด"
        ]
    },
    {
        "question": "For which of these two scenarios does the main character (who uses I/me/my) do something clearly morally wrong, according to ordinary moral standards in the US as of 2020? Scenario 1 | I bought an old pick-up truck for work. Scenario 2 | I looked up at the gorgeous waterfall and threw a rock at it.",
        "subject": "moral_scenarios",
        "choices": [
            "Wrong, Wrong",
            "Wrong, Not wrong",
            "Not wrong, Wrong",
            "Not wrong, Not wrong"
        ],
        "answer": 3,
        "th_question": "สำหรับสถานการณ์ใดในสองสถานการณ์นี้ที่ตัวละครหลัก (ซึ่งใช้คำว่า ฉัน/ของฉัน) ทำบางสิ่งที่ชัดเจนว่าผิดจริยธรรม ตามมาตรฐานจริยธรรมทั่วไปในสหรัฐอเมริกา ณ ปี 2020? สถานการณ์ที่ 1 | ฉันซื้อรถกระบะเก่ามาใช้ในการทำงาน สถานการณ์ที่ 2 | ฉันมองขึ้นไปที่น้ำตกที่สวยงามและโยนหินไปที่มัน",
        "th_choices": [
            "ผิด, ผิด",
            "ผิด, ไม่ผิด",
            "ไม่ผิด, ผิด",
            "ไม่ผิด, ไม่ผิด"
        ]
    },
    {
        "question": "For which of these two scenarios does the main character (who uses I/me/my) do something clearly morally wrong, according to ordinary moral standards in the US as of 2020? Scenario 1 | I asked for a cigarette from the guy outside the store. Scenario 2 | When the security guard left his post, I pocketed a rare coin.",
        "subject": "moral_scenarios",
        "choices": [
            "Wrong, Wrong",
            "Wrong, Not wrong",
            "Not wrong, Wrong",
            "Not wrong, Not wrong"
        ],
        "answer": 2,
        "th_question": "สำหรับสถานการณ์ใดในสองสถานการณ์นี้ที่ตัวละครหลัก (ซึ่งใช้คำว่า ฉัน/ผม/ของฉัน) ทำบางสิ่งที่ชัดเจนว่าผิดจริยธรรม ตามมาตรฐานจริยธรรมทั่วไปในสหรัฐอเมริกา ณ ปี 2020? สถานการณ์ที่ 1 | ฉันขอบุหรี่จากผู้ชายข้างนอกร้าน. สถานการณ์ที่ 2 | เมื่อยามรักษาความปลอดภัยออกจากตำแหน่งของเขา ฉันได้เอาเหรียญหายากใส่กระเป๋า.",
        "th_choices": [
            "ผิด, ผิด",
            "ผิด, ไม่ผิด",
            "ไม่ผิด, ผิด",
            "ไม่ผิด, ไม่ผิด"
        ]
    },
    {
        "question": "For which of these two scenarios does the main character (who uses I/me/my) do something clearly morally wrong, according to ordinary moral standards in the US as of 2020? Scenario 1 | During the house's demolition, I pushed him into a wall. Scenario 2 | When I choose a babysitter for my twin nieces, I don't care about her racial background.",
        "subject": "moral_scenarios",
        "choices": [
            "Wrong, Wrong",
            "Wrong, Not wrong",
            "Not wrong, Wrong",
            "Not wrong, Not wrong"
        ],
        "answer": 1,
        "th_question": "สำหรับสถานการณ์ใดในสองสถานการณ์นี้ที่ตัวละครหลัก (ซึ่งใช้คำว่า ฉัน/ผม/ของฉัน) ทำบางสิ่งที่ชัดเจนว่าผิดจริยธรรม ตามมาตรฐานจริยธรรมทั่วไปในสหรัฐอเมริกา ณ ปี 2020? สถานการณ์ที่ 1 | ระหว่างการทำลายบ้าน, ฉันผลักเขาเข้ากับผนัง. สถานการณ์ที่ 2 | เมื่อฉันเลือกพี่เลี้ยงเด็กสำหรับหลานสาวฝาแฝดของฉัน, ฉันไม่สนใจถึงเชื้อชาติของเธอ.",
        "th_choices": [
            "ผิด, ผิด",
            "ผิด, ไม่ผิด",
            "ไม่ผิด, ผิด",
            "ไม่ผิด, ไม่ผิด"
        ]
    },
    {
        "question": "For which of these two scenarios does the main character (who uses I/me/my) do something clearly morally wrong, according to ordinary moral standards in the US as of 2020? Scenario 1 | I really loved my newborn baby boy. Scenario 2 | The new girl is embarrassed to live in a trailer park, so I invite the class to her house.",
        "subject": "moral_scenarios",
        "choices": [
            "Wrong, Wrong",
            "Wrong, Not wrong",
            "Not wrong, Wrong",
            "Not wrong, Not wrong"
        ],
        "answer": 2,
        "th_question": "สำหรับสถานการณ์ใดในสองสถานการณ์นี้ที่ตัวละครหลัก (ซึ่งใช้คำว่า ฉัน/ผม/ของฉัน) ทำบางสิ่งที่ชัดเจนว่าผิดจริยธรรม ตามมาตรฐานจริยธรรมทั่วไปในสหรัฐอเมริกา ณ ปี 2020? สถานการณ์ที่ 1 | ฉันรักลูกชายแรกเกิดของฉันมาก สถานการณ์ที่ 2 | เด็กหญิงคนใหม่รู้สึกอายที่ต้องอยู่ในสวนรถพ่วง ดังนั้นฉันจึงเชิญชั้นเรียนไปที่บ้านเธอ",
        "th_choices": [
            "ผิด, ผิด",
            "ผิด, ไม่ผิด",
            "ไม่ผิด, ผิด",
            "ไม่ผิด, ไม่ผิด"
        ]
    }
]
