[
    {
        "question": "Exploitation of the Heartbleed bug permits",
        "subject": "computer_security",
        "choices": [
            "overwriting cryptographic keys in memory",
            "a kind of code injection",
            "a read outside bounds of a buffer",
            "a format string attack"
        ],
        "answer": 2,
        "th_question": "การใช้ประโยชน์จาก Heartbleed bug ทำให้",
        "th_choices": [
            "การเขียนทับกุญแจรหัสลับในหน่วยความจำ",
            "การฉีดโค้ดประเภทหนึ่ง",
            "การอ่านข้อมูลนอกขอบเขตของบัฟเฟอร์",
            "การโจมตีด้วยรูปแบบสตริง"
        ]
    },
    {
        "question": "_____________ can modify data on your system – so that your system doesn’t run correctly or you can no longer access specific data, or it may even ask for ransom in order to give your access.",
        "subject": "computer_security",
        "choices": [
            "IM – Trojans",
            "Backdoor Trojans",
            "Trojan-Downloader",
            "Ransom Trojan"
        ],
        "answer": 3,
        "th_question": "_____________ สามารถแก้ไขข้อมูลในระบบของคุณได้ – ทำให้ระบบของคุณไม่สามารถทำงานได้อย่างถูกต้องหรือคุณไม่สามารถเข้าถึงข้อมูลเฉพาะได้อีกต่อไป หรืออาจจะขอค่าไถ่เพื่อให้คุณเข้าถึงข้อมูลได้",
        "th_choices": [
            "IM – Trojans",
            "Backdoor Trojans",
            "Trojan-Downloader",
            "Ransom Trojan"
        ]
    },
    {
        "question": "SHA-1 has a message digest of",
        "subject": "computer_security",
        "choices": [
            "160 bits",
            "512 bits",
            "628 bits",
            "820 bits"
        ],
        "answer": 0,
        "th_question": "SHA-1 มีข้อความย่อยของ",
        "th_choices": [
            "160 บิต",
            "512 บิต",
            "628 บิต",
            "820 บิต"
        ]
    },
    {
        "question": "The ____________ is anything which your search engine cannot search.",
        "subject": "computer_security",
        "choices": [
            "Haunted web",
            "World Wide Web",
            "Surface web",
            "Deep Web"
        ],
        "answer": 3,
        "th_question": "___________ คือสิ่งใดก็ตามที่เครื่องมือค้นหาของคุณไม่สามารถค้นหาได้",
        "th_choices": [
            "Haunted web",
            "World Wide Web",
            "Surface web",
            "Deep Web"
        ]
    },
    {
        "question": "What is ethical hacking?",
        "subject": "computer_security",
        "choices": [
            "\"Hacking\" ethics so they justify unintended selfish behavior",
            "Hacking systems (e.g., during penetration testing) to expose vulnerabilities so they can be fixed, rather than exploited",
            "Hacking into systems run by those whose ethics you disagree with",
            "A slang term for rapid software development, e.g., as part of hackathons"
        ],
        "answer": 1,
        "th_question": "อะไรคือการแฮ็กที่มีจริยธรรม?",
        "th_choices": [
            "'การแฮ็ก' จริยธรรมเพื่อให้มันเป็นเหตุผลสำหรับพฤติกรรมเห็นแก่ตัวที่ไม่ได้ตั้งใจ",
            "การแฮ็กระบบ (เช่น ระหว่างการทดสอบการเจาะระบบ) เพื่อเปิดเผยจุดอ่อนเพื่อให้สามารถแก้ไขได้ ไม่ใช่เพื่อให้ถูกใช้ประโยชน์",
            "การแฮ็กเข้าสู่ระบบที่ดำเนินการโดยผู้ที่คุณไม่เห็นด้วยกับจริยธรรมของพวกเขา",
            "คำสแลงสำหรับการพัฒนาซอฟต์แวร์อย่างรวดเร็ว เช่น เป็นส่วนหนึ่งของ hackathons"
        ]
    }
]
