[
    {
        "question": "The practice of hiring a foreign third-party service provider to run an operation is called",
        "subject": "high_school_geography",
        "choices": [
            "outsourcing.",
            "offshoring.",
            "maquiladoras.",
            "locational interdependence."
        ],
        "answer": 1,
        "th_question": "การจ้างผู้ให้บริการรายที่สามจากต่างประเทศเพื่อดำเนินการดำเนินงานเรียกว่า",
        "th_choices": [
            "outsourcing.",
            "offshoring.",
            "maquiladoras.",
            "locational interdependence."
        ]
    },
    {
        "question": "Which one of the following items is an example of nonmaterial culture?",
        "subject": "high_school_geography",
        "choices": [
            "Dove soap",
            "Dove candy bar",
            "Dove symbol",
            "A dove (bird)"
        ],
        "answer": 2,
        "th_question": "รายการใดต่อไปนี้เป็นตัวอย่างของวัฒนธรรมที่ไม่ใช่วัสดุ?",
        "th_choices": [
            "สบู่ Dove",
            "แท่งช็อคโกแลต Dove",
            "สัญลักษณ์ Dove",
            "นกพิราบ"
        ]
    },
    {
        "question": "During the third stage of the demographic transition model, which of the following is true?",
        "subject": "high_school_geography",
        "choices": [
            "Birth rates increase and population growth rate is less rapid.",
            "Birth rates decline and population growth rate is less rapid.",
            "Birth rates increase and population growth rate increases.",
            "Birth rates decrease and population growth rate increases."
        ],
        "answer": 1,
        "th_question": "ในระยะที่สามของแบบจำลองการเปลี่ยนผ่านประชากรนั้น ข้อใดต่อไปนี้เป็นความจริง?",
        "th_choices": [
            "อัตราการเกิดเพิ่มขึ้นและอัตราการเติบโตของประชากรน้อยลง.",
            "อัตราการเกิดลดลงและอัตราการเติบโตของประชากรน้อยลง.",
            "อัตราการเกิดเพิ่มขึ้นและอัตราการเติบโตของประชากรเพิ่มขึ้น.",
            "อัตราการเกิดลดลงและอัตราการเติบโตของประชากรเพิ่มขึ้น."
        ]
    },
    {
        "question": "The rate of natural increase of a population is found by subtracting the",
        "subject": "high_school_geography",
        "choices": [
            "crude death rate from the crude birth date.",
            "crude birth rate from the crude death rate.",
            "doubling time from the crude birth rate.",
            "fertility rate from the crude death rate."
        ],
        "answer": 0,
        "th_question": "อัตราการเพิ่มขึ้นตามธรรมชาติของประชากรพบได้โดยการหักล้าง",
        "th_choices": [
            "อัตราการตายโดยประมาณจากวันที่เกิดโดยประมาณ",
            "อัตราการเกิดโดยประมาณจากอัตราการตายโดยประมาณ",
            "เวลาที่เพิ่มขึ้นเป็นสองเท่าจากอัตราการเกิดโดยประมาณ",
            "อัตราการเจริญพันธุ์จากอัตราการตายโดยประมาณ"
        ]
    },
    {
        "question": "Which of the following statements is NOT accurate regarding the services provided by local governments in the United States?",
        "subject": "high_school_geography",
        "choices": [
            "Duplication of efforts occurs often.",
            "Social problems of the central city spill over into the surrounding residential suburbs.",
            "Inefficiency in providing services occurs often.",
            "One neighborhood's efforts to reduce pollution are always supported by neighboring communities."
        ],
        "answer": 3,
        "th_question": "ข้อใดต่อไปนี้ไม่ถูกต้องเกี่ยวกับบริการที่รัฐบาลท้องถิ่นในสหรัฐอเมริกาให้บริการ?",
        "th_choices": [
            "การทำซ้ำของความพยายามเกิดขึ้นบ่อยครั้ง",
            "ปัญหาสังคมของเมืองกลางส่งผลกระทบต่อชานเมืองที่อยู่อาศัยรอบๆ",
            "การไม่มีประสิทธิภาพในการให้บริการเกิดขึ้นบ่อยครั้ง",
            "ความพยายามของชุมชนหนึ่งในการลดมลพิษได้รับการสนับสนุนจากชุมชนใกล้เคียงเสมอ"
        ]
    }
]
