[
    {
        "question": "An auditor traces the serial numbers on equipment to a nonissuer’s subledger. Which of the following management assertions is supported by this test?",
        "subject": "professional_accounting",
        "choices": [
            "Valuation and allocation",
            "Completeness",
            "Rights and obligations",
            "Presentation and disclosure"
        ],
        "answer": 1,
        "th_question": "ผู้สอบบัญชีตรวจสอบหมายเลขซีเรียลบนอุปกรณ์ไปยัง subledger ของผู้ไม่ออกเอกสาร การทดสอบนี้สนับสนุนการยืนยันของการจัดการใดต่อไปนี้?",
        "th_choices": [
            "การประเมินมูลค่าและการจัดสรร",
            "ความสมบูรณ์",
            "สิทธิ์และหน้าที่",
            "การนำเสนอและการเปิดเผย"
        ]
    },
    {
        "question": "One hundred years ago, your great-great-grandmother invested $100 at 5% yearly interest. What is the investment worth today?",
        "subject": "professional_accounting",
        "choices": [
            "$13,000",
            "$600",
            "$15,000",
            "$28,000"
        ],
        "answer": 0,
        "th_question": "หนึ่งร้อยปีที่แล้ว ย่าทวดของคุณได้ลงทุน $100 ด้วยอัตราดอกเบี้ยรายปี 5% การลงทุนนั้นมีมูลค่าเท่าไหร่ในวันนี้?",
        "th_choices": [
            "$13,000",
            "$600",
            "$15,000",
            "$28,000"
        ]
    },
    {
        "question": "Krete is an unmarried taxpayer with income exclusively from wages. By December 31, year 1, Krete's employer has withheld $16,000 in federal income taxes and Krete has made no estimated tax payments. On April 15, year 2, Krete timely filed for an extension request to file her individual tax return, and paid $300 of additional taxes. Krete's year 1 tax liability was $16,500 when she timely filed her return on April 30, year 2, and paid the remaining tax liability balance. What amount would be subject to the penalty for underpayment of estimated taxes?",
        "subject": "professional_accounting",
        "choices": [
            "$0",
            "$500",
            "$1,650",
            "$16,500"
        ],
        "answer": 0,
        "th_question": "Krete เป็นผู้เสียภาษีที่ไม่ได้แต่งงาน มีรายได้เฉพาะจากเงินเดือน เมื่อถึงวันที่ 31 ธันวาคม ปีที่ 1 Krete มีนายจ้างหักภาษีรายได้ของรัฐบาลกลางไว้ $16,000 และ Krete ไม่ได้ทำการชำระภาษีประมาณการใดๆ เมื่อวันที่ 15 เมษายน ปีที่ 2 Krete ได้ยื่นคำขอขยายเวลายื่นแบบแสดงรายได้บุคคลธรรมดาอย่างทันเวลา และชำระภาษีเพิ่มเติม $300 Krete มีหนี้สินภาษีปีที่ 1 เป็นจำนวน $16,500 เมื่อเธอยื่นแบบภาษีอย่างทันเวลาในวันที่ 30 เมษายน ปีที่ 2 และชำระยอดค้างชำระภาษีที่เหลือ จำนวนเงินใดที่จะต้องเสียค่าปรับสำหรับการชำระภาษีประมาณการไม่เพียงพอ?",
        "th_choices": [
            "$0",
            "$500",
            "$1,650",
            "$16,500"
        ]
    },
    {
        "question": "Box a nongovernmental not-for-profit organization had the following transactions during the year: Proceeds from sale of investments $80000 Purchase of property plant and equipment $10000 Proceeds from long-term debt $100000 Loss on sale of investment $5000 What amount should be reported as net cash provided by financing activities in Box's statement of cash flows?",
        "subject": "professional_accounting",
        "choices": [
            "$70,000",
            "$75,000",
            "$80,000",
            "100000"
        ],
        "answer": 3,
        "th_question": "Box ซึ่งเป็นองค์กรไม่แสวงหาผลกำไรที่ไม่ใช่ของรัฐมีธุรกรรมต่างๆ ในระหว่างปีดังนี้: รายได้จากการขายการลงทุน $80000 การซื้อทรัพย์สิน โรงงาน และอุปกรณ์ $10000 รายได้จากหนี้ระยะยาว $100000 ขาดทุนจากการขายการลงทุน $5000 จำนวนเงินที่ควรรายงานเป็นเงินสดสุทธิที่ได้จากกิจกรรมการเงินในงบกระแสเงินสดของ Box คือเท่าไร?",
        "th_choices": [
            "$70,000",
            "$75,000",
            "$80,000",
            "100000"
        ]
    },
    {
        "question": "On January 1, year 1, Alpha Co. signed an annual maintenance agreement with a software provider for $15,000 and the maintenance period begins on March 1, year 2. Alpha also incurred $5,000 of costs on January 1, year 1, related to software modification requests that will increase the functionality of the software. Alpha depreciates and amortizes its computer and software assets over five years using the straight-line method. What amount is the total expense that Alpha should recognize related to the maintenance agreement and the software modifications for the year ended December 31, year 1?",
        "subject": "professional_accounting",
        "choices": [
            "$5,000",
            "$13,500",
            "$16,000",
            "$20,000"
        ],
        "answer": 1,
        "th_question": "ในวันที่ 1 มกราคม ปีที่ 1, Alpha Co. ได้ลงนามในข้อตกลงการบำรุงรักษาประจำปีกับผู้ให้บริการซอฟต์แวร์ในราคา $15,000 และระยะเวลาการบำรุงรักษาเริ่มต้นในวันที่ 1 มีนาคม ปีที่ 2 Alpha ยังได้เกิดค่าใช้จ่าย $5,000 ในวันที่ 1 มกราคม ปีที่ 1 ที่เกี่ยวข้องกับคำขอการแก้ไขซอฟต์แวร์ที่จะเพิ่มฟังก์ชันการทำงานของซอฟต์แวร์ Alpha ทำการคิดค่าเสื่อมราคาและค่าตัดจำหน่ายสินทรัพย์คอมพิวเตอร์และซอฟต์แวร์ของตนเองเป็นเวลาห้าปีโดยใช้วิธีเส้นตรง จำนวนเงินทั้งหมดที่ Alpha ควรรับรู้เป็นค่าใช้จ่ายที่เกี่ยวข้องกับข้อตกลงการบำรุงรักษาและการแก้ไขซอฟต์แวร์สำหรับปีที่สิ้นสุดวันที่ 31 ธันวาคม ปีที่ 1 คือเท่าไหร่?",
        "th_choices": [
            "$5,000",
            "$13,500",
            "$16,000",
            "$20,000"
        ]
    }
]
