[
    {
        "question": "Compared with the mass of a uranium atom undergoing fission, the combined masses of the products after fission are",
        "subject": "conceptual_physics",
        "choices": [
            "less",
            "more",
            "the same",
            "zero"
        ],
        "answer": 0,
        "th_question": "เมื่อเปรียบเทียบกับมวลของอะตอมยูเรเนียมที่กำลังแตกตัว, มวลรวมของผลิตภัณฑ์หลังจากการแตกตัวคือ",
        "th_choices": [
            "น้อยกว่า",
            "มากกว่า",
            "เท่ากัน",
            "ศูนย์"
        ]
    },
    {
        "question": "Which of these three elements has the most mass per nucleon?",
        "subject": "conceptual_physics",
        "choices": [
            "Hydrogen",
            "Iron",
            "Uranium",
            "Same in each"
        ],
        "answer": 0,
        "th_question": "ธาตุใดในสามธาตุนี้มีมวลต่อนิวคลีออนมากที่สุด?",
        "th_choices": [
            "ไฮโดรเจน",
            "เหล็ก",
            "ยูเรเนียม",
            "เท่ากันทุกตัว"
        ]
    },
    {
        "question": "Things that are equivalent according to the equivalence principle are",
        "subject": "conceptual_physics",
        "choices": [
            "space and time.",
            "a traveling twin and a stay-at-home twin.",
            "gravity and acceleration.",
            "mass and energy."
        ],
        "answer": 2,
        "th_question": "สิ่งที่เท่าเทียมกันตามหลักการเทียบเท่าคือ",
        "th_choices": [
            "พื้นที่และเวลา",
            "ฝาแฝดที่เดินทางและฝาแฝดที่อยู่บ้าน",
            "แรงโน้มถ่วงและการเร่ง",
            "มวลและพลังงาน"
        ]
    },
    {
        "question": "Colors in a soap bubble result from light",
        "subject": "conceptual_physics",
        "choices": [
            "converted to a different frequency",
            "deflection",
            "interference",
            "polarization"
        ],
        "answer": 2,
        "th_question": "สีในฟองสบู่เกิดจากแสง",
        "th_choices": [
            "ถูกแปลงเป็นความถี่ที่แตกต่าง",
            "การเบี่ยงเบน",
            "การรบกวน",
            "การเปลี่ยนแปลงโพลาไรเซชัน"
        ]
    },
    {
        "question": "A model airplane flies slower when flying into the wind and faster with wind at its back. When launched at right angles to the wind a cross wind its groundspeed compared with flying in still air is",
        "subject": "conceptual_physics",
        "choices": [
            "the same",
            "greater",
            "less",
            "either greater or less depending on wind speed"
        ],
        "answer": 1,
        "th_question": "เครื่องบินจำลองบินช้าลงเมื่อบินสู่ลม และบินเร็วขึ้นเมื่อมีลมอยู่ด้านหลัง หากเปิดตัวในมุมฉากกับลม ความเร็วบนพื้นดินเมื่อเทียบกับการบินในอากาศที่สงบคือ",
        "th_choices": [
            "เท่ากัน",
            "มากกว่า",
            "น้อยกว่า",
            "มากกว่าหรือน้อยกว่าขึ้นอยู่กับความเร็วลม"
        ]
    }
]
