[
    {
        "question": "A son owed a creditor $5,000. The son's father contacted the creditor and told him that he wanted to pay the son's debt. The father signed a document that stated the father would pay the son's debt at a rate of $500 a month for 10 months. The creditor made no written or oral commitment to forbear to sue the son to collect the $5,000 debt, and the father made no oral or written request for any such forbearance. For the next five months, the father made and the creditor accepted the $500 monthly payments as agreed. During that period, the creditor, in fact, did forbear to take any legal action against the son. However, the father then informed the creditor that he would make no further payments on the debt. Which of the following is the most persuasive argument that the father is liable to the creditor under the terms of their agreement?",
        "subject": "professional_law",
        "choices": [
            "The father's promise and the creditor's reliance thereon, if proved, gave rise to a valid claim by the creditor against the father based on the doctrine of promissory estoppel. ",
            "Because it was foreseeable that the father's promise would induce the creditor to forbear taking any action against the son, such forbearance was, as a matter of law, a bargained-for consideration for the father's promise. ",
            "The father's five payments to the creditor totaling $2,500 manifested a serious intent on the father's part to be contractually bound, and such manifestation is generally recognized as an effective substitute for consideration. ",
            "By assuming the antecedent debt obligation that the son owed to the creditor, the father became a surety whose promise to the creditor was enforceable, since it was in writing and supported by adequate consideration. "
        ],
        "answer": 0,
        "th_question": "ลูกชายเป็นหนี้เจ้าหนี้ $5,000 พ่อของลูกชายติดต่อเจ้าหนี้และบอกเขาว่าต้องการจะชำระหนี้ของลูกชาย พ่อลงนามในเอกสารที่ระบุว่าพ่อจะชำระหนี้ของลูกชายด้วยอัตรา $500 ต่อเดือนเป็นเวลา 10 เดือน เจ้าหนี้ไม่ได้ทำข้อตกลงเป็นลายลักษณ์อักษรหรือปากเปล่าใดๆ เพื่อยับยั้งการฟ้องร้องลูกชายเพื่อเรียกเก็บหนี้ $5,000 และพ่อก็ไม่ได้ทำคำขอใดๆ ทั้งสิ้นเป็นลายลักษณ์อักษรหรือปากเปล่าเพื่อขอให้มีการยับยั้งดังกล่าว ในช่วงห้าเดือนถัดไป พ่อได้ทำการชำระเงินและเจ้าหนี้ได้รับการชำระเงิน $500 ต่อเดือนตามที่ตกลงกัน ในช่วงเวลานั้น เจ้าหนี้จริงๆ แล้วได้ยับยั้งไม่ให้มีการดำเนินการทางกฎหมายใดๆ กับลูกชาย อย่างไรก็ตาม พ่อจากนั้นได้แจ้งเจ้าหนี้ว่าเขาจะไม่ทำการชำระเงินเพิ่มเติมสำหรับหนี้นั้น ข้อโต้แย้งที่น่าเชื่อถือที่สุดที่พ่อมีความรับผิดชอบต่อเจ้าหนี้ภายใต้เงื่อนไขของข้อตกลงของพวกเขาคืออะไร?",
        "th_choices": [
            "คำสัญญาของพ่อและการพึ่งพาของเจ้าหนี้ต่อคำสัญญานั้น หากได้รับการพิสูจน์ จะทำให้เกิดคำร้องที่ถูกต้องตามกฎหมายจากเจ้าหนี้ต่อพ่อ โดยอิงจากหลักการของ promissory estoppel",
            "เนื่องจากเป็นไปได้ว่าคำสัญญาของพ่อจะทำให้เจ้าหนี้ยับยั้งไม่ให้ดำเนินการใดๆ กับลูกชาย การยับยั้งดังกล่าวจึงเป็นการพิจารณาที่ได้รับการต่อรองมา ตามกฎหมาย สำหรับคำสัญญาของพ่อ",
            "การชำระเงินของพ่อให้กับเจ้าหนี้ทั้งหมด $2,500 แสดงถึงความตั้งใจอย่างจริงจังของพ่อที่จะผูกพันตามสัญญา และการแสดงออกดังกล่าวโดยทั่วไปจะถูกยอมรับเป็นการแทนที่ที่มีประสิทธิภาพสำหรับการพิจารณา",
            "โดยการรับช่วงหนี้ที่ลูกชายเป็นหนี้เจ้าหนี้ พ่อจึงกลายเป็นผู้ค้ำประกันซึ่งคำสัญญาต่อเจ้าหนี้ของเขาสามารถบังคับใช้ได้ เนื่องจากมีการเขียนไว้และได้รับการพิจารณาอย่างเพียงพอ"
        ]
    },
    {
        "question": "A state legislature has recently enacted a statute making it a misdemeanor to curse or revile or use obscene or opprobrious language toward or in reference to a police officer perfonning his duties. A student at a state university organized a demonstration on campus to protest the war. The rally was attended by a group of 50 students who shouted anti-war messages at cars passing by. To show his contempt for the United States, the student sewed the American flag to the rear of his jeans. When a police officer saw the flag sown on the student's jeans, he approached and told him to remove the flag or he would be placed under arrest. The student became angered and shouted at the police officer, \"Listen, you bastard, I'll wear this rag anywhere I please. \" The student was subsequently placed under arrest and charged with violating the state statute. The student subsequently brings suit in state court challenging the constitutionality of the statute. The strongest constitutional argument for the student is that",
        "subject": "professional_law",
        "choices": [
            "the statute is void for vagueness under the Fourteenth Amendment's due process clause.",
            "the statute is invalid because it violates the petitioner's freedom of speech under the First Amendment.",
            "the statute is an abridgment of freedom of speech under the First Amendment because less restrictive means are available for achieving the same purpose.",
            "the statute is overbroad and consequently invalid under the First and FourteenthAmendments."
        ],
        "answer": 3,
        "th_question": "สภานิติบัญญัติของรัฐได้ผ่านกฎหมายใหม่เมื่อเร็วๆ นี้ ทำให้การสบถหรือดูถูกหรือใช้ภาษาหยาบคายหรือไม่เหมาะสมต่อหรือเกี่ยวกับเจ้าหน้าที่ตำรวจที่กำลังปฏิบัติหน้าที่เป็นความผิดทางอาญา นักศึกษาที่มหาวิทยาลัยของรัฐได้จัดการชุมนุมในมหาวิทยาลัยเพื่อประท้วงสงคราม การชุมนุมมีกลุ่มนักศึกษา 50 คนเข้าร่วม ซึ่งตะโกนข้อความต่อต้านสงครามใส่รถที่ขับผ่านไป นักศึกษาคนนี้เพื่อแสดงความไม่เห็นด้วยกับสหรัฐอเมริกา ได้เย็บธงอเมริกันไว้ที่ด้านหลังของกางเกงยีนส์ของเขา เมื่อเจ้าหน้าที่ตำรวจเห็นธงที่เย็บบนกางเกงยีนส์ของนักศึกษา เขาเข้าไปหาและบอกให้เขาถอดธงออก มิฉะนั้นเขาจะถูกจับกุม นักศึกษากลายเป็นโกรธและตะโกนใส่เจ้าหน้าที่ตำรวจว่า 'ฟังนะ คุณเลว ฉันจะใส่ผ้านี่ไปที่ไหนก็ได้ตามที่ฉันต้องการ' นักศึกษาถูกจับกุมตามมาและถูกตั้งข้อหาฝ่าฝืนกฎหมายของรัฐ นักศึกษาต่อมาได้ยื่นฟ้องในศาลของรัฐโต้แย้งความชอบธรรมของกฎหมาย ข้อโต้แย้งทางรัฐธรรมนูญที่แข็งแกร่งที่สุดสำหรับนักศึกษาคือ",
        "th_choices": [
            "กฎหมายนี้เป็นโมฆะเนื่องจากความไม่ชัดเจนภายใต้มาตราสิบสี่ของการประกันสิทธิในกระบวนการยุติธรรม",
            "กฎหมายนี้ไม่ถูกต้องเนื่องจากมันละเมิดเสรีภาพในการพูดของผู้ยื่นคำร้องภายใต้การแก้ไขครั้งที่หนึ่ง",
            "กฎหมายนี้เป็นการลดทอนเสรีภาพในการพูดภายใต้การแก้ไขครั้งที่หนึ่งเนื่องจากมีวิธีการที่น้อยกว่าการจำกัดสิทธิ์ที่มีอยู่สำหรับการบรรลุวัตถุประสงค์เดียวกัน",
            "กฎหมายนี้มีขอบเขตที่กว้างเกินไปและด้วยเหตุนี้ไม่ถูกต้องภายใต้การแก้ไขครั้งที่หนึ่งและมาตราสิบสี่"
        ]
    },
    {
        "question": "Judge took judicial notice of some facts at the beginning of the trial. Which of the following is not an appropriate kind of fact for judicial notice?",
        "subject": "professional_law",
        "choices": [
            "Indisputable facts.",
            "Facts that have been asserted by individual political organizations.",
            "Facts recognized to be true by common knowledge.",
            "Facts capable of scientific verification."
        ],
        "answer": 1,
        "th_question": "ผู้พิพากษาได้รับทราบข้อเท็จจริงบางประการในช่วงเริ่มต้นของการพิจารณาคดี ข้อใดต่อไปนี้ไม่ใช่ประเภทของข้อเท็จจริงที่เหมาะสมสำหรับการรับทราบโดยทางการพิจารณาคดี?",
        "th_choices": [
            "ข้อเท็จจริงที่ไม่อาจโต้แย้งได้",
            "ข้อเท็จจริงที่ถูกยืนยันโดยองค์กรการเมืองแต่ละแห่ง",
            "ข้อเท็จจริงที่เป็นที่ยอมรับว่าเป็นความจริงโดยความรู้ทั่วไป",
            "ข้อเท็จจริงที่สามารถตรวจสอบได้โดยวิทยาศาสตร์"
        ]
    },
    {
        "question": "On October 1, 1980, a developer, owner of several hundred acres in a rural county, drafted a general development plan for the area. The duly recorded plan imposed elaborate limitations and restrictions upon the land in the plan, which was to be developed as a residential district. The restrictions were to extend to all persons acquiring any of the lots and to their heirs, assigns, and lessees. It was further provided that all subsequent owners would be charged with due notice of the restrictions. Among those restrictions in the general plan were the following:(22) A franchise right is created in a strip of land 10 feet in width along the rear of each lot for the use of public utility companies with right of ingress and egress. (23) No house or structure of any kind shall be built on the aforementioned strip of land running through the said blocks. In 2000, a retiree purchased one of the lots, built a house, and erected a fence in the rear of his property within the restricted area. In 2004, a teacher purchased a lot adjacent to the retiree's property and built a new house. Two years later, a librarian purchased the lot that adjoined the teacher's property. The three deeds to those properties each contained references to the deed book where the general plan was recorded. In 2008, the librarian began the construction of a seven-foot post-and-rail fence along the line dividing his lot with the teacher's, and along the center of the area subject to the franchise right. Although the teacher objected to its construction, the fence was completed. If the teacher seeks a mandatory injunction to compel removal of the librarian's fence, the court will most likely",
        "subject": "professional_law",
        "choices": [
            "grant relief, because the fence was in violation of the easement restriction. ",
            "grant relief, because the encroachment of the fence violated the restriction in the original plan. ",
            "deny relief, because the teacher failed to enforce the restriction against the retiree. ",
            "deny relief, because the fence would not be construed as \"a structure\" within the terms of the restriction. "
        ],
        "answer": 1,
        "th_question": "เมื่อวันที่ 1 ตุลาคม 1980, นักพัฒนา, เจ้าของที่ดินหลายร้อยเอเคอร์ในเขตชนบท, ได้ร่างแผนการพัฒนาทั่วไปสำหรับพื้นที่นั้น แผนการที่ได้รับการบันทึกอย่างถูกต้องนี้ได้กำหนดข้อจำกัดและการควบคุมที่ซับซ้อนต่อที่ดินในแผน, ซึ่งจะถูกพัฒนาเป็นเขตที่อยู่อาศัย ข้อจำกัดเหล่านี้จะขยายไปถึงทุกคนที่ได้รับที่ดินใด ๆ และไปถึงผู้รับมรดก, ผู้รับมอบอำนาจ, และผู้เช่า ยังได้ระบุเพิ่มเติมว่าเจ้าของที่ดินในภายหลังทุกคนจะถูกแจ้งให้ทราบถึงข้อจำกัดเหล่านี้อย่างเหมาะสม ข้อจำกัดในแผนทั่วไปมีดังต่อไปนี้: (22) สิทธิในการใช้งานถูกสร้างขึ้นในแถบที่ดินกว้าง 10 ฟุตตามด้านหลังของแต่ละที่ดินเพื่อการใช้งานของบริษัทสาธารณูปโภคพร้อมสิทธิในการเข้าและออก (23) ไม่มีบ้านหรือโครงสร้างใด ๆ ที่จะถูกสร้างบนแถบที่ดินดังกล่าวที่วิ่งผ่านบล็อกที่กล่าวถึง ในปี 2000, ผู้เกษียณอายุซื้อหนึ่งในที่ดินเหล่านั้น, สร้างบ้าน, และสร้างรั้วที่ด้านหลังของทรัพย์สินของเขาภายในพื้นที่ที่มีข้อจำกัด ในปี 2004, ครูซื้อที่ดินที่อยู่ติดกับทรัพย์สินของผู้เกษียณและสร้างบ้านใหม่ สองปีต่อมา, บรรณารักษ์ซื้อที่ดินที่ติดกับทรัพย์สินของครู สามสัญญาจำนองสำหรับทรัพย์สินเหล่านั้นแต่ละฉบับมีการอ้างอิงถึงสมุดจดหมายเหตุที่แผนทั่วไปได้รับการบันทึก ในปี 2008, บรรณารักษ์เริ่มการก่อสร้างรั้วไม้และราวไม้สูง 7 ฟุตตามเส้นแบ่งที่ดินของเขากับทรัพย์สินของครู, และตามศูนย์กลางของพื้นที่ที่อยู่ภายใต้สิทธิในการใช้งาน แม้ว่าครูจะคัดค้านการก่อสร้าง, รั้วก็ถูกสร้างเสร็จ หากครูต้องการขอคำสั่งศาลบังคับให้มีการลบรั้วของบรรณารักษ์, ศาลมีแนวโน้มที่จะ",
        "th_choices": [
            "ให้การช่วยเหลือ, เพราะรั้วนั้นละเมิดข้อจำกัดของสิทธิในการใช้ทาง",
            "ให้การช่วยเหลือ, เพราะการบุกรุกของรั้วละเมิดข้อจำกัดในแผนเดิม",
            "ปฏิเสธการช่วยเหลือ, เพราะครูไม่ได้บังคับใช้ข้อจำกัดต่อผู้เกษียณ",
            "ปฏิเสธการช่วยเหลือ, เพราะรั้วจะไม่ถูกตีความว่าเป็น 'โครงสร้าง' ตามเงื่อนไขของข้อจำกัด"
        ]
    },
    {
        "question": "A state has recently enacted a statute prohibiting the disposal of any nuclear wastes within the state. This law does not contravene or conflict with any federal statutes. A man operates a company in the state that is engaged in the disposal of nuclear wastes. Subsequent to the passage of the state statute, the man, not yet aware of the new law, entered into contracts with many out-of-state firms to dispose of their nuclear wastes in the state. On account of this new law, however, the man will be unable to perform these contracts. Assume that the man has standing to challenge this state law. Which of the following presents his strongest constitutional grounds to challenge the state law prohibiting the disposal of nuclear wastes within the state?",
        "subject": "professional_law",
        "choices": [
            "The commerce clause.",
            "The equal protection clause of the Fourteenth Amendment.",
            "The privileges and immunities clause of Article IV, Section 2. ",
            "The contract clause."
        ],
        "answer": 0,
        "th_question": "รัฐหนึ่งได้มีการออกกฎหมายใหม่ที่ห้ามการทิ้งของเสียนิวเคลียร์ภายในรัฐ กฎหมายนี้ไม่ได้ขัดแย้งหรือต่อต้านกับกฎหมายของรัฐบาลกลางใดๆ มีชายคนหนึ่งบริหารบริษัทในรัฐที่มีการทำธุรกิจเกี่ยวกับการทิ้งของเสียนิวเคลียร์ หลังจากการผ่านกฎหมายของรัฐ ชายคนนี้ ซึ่งยังไม่ทราบถึงกฎหมายใหม่ ได้ทำสัญญากับบริษัทต่างรัฐหลายแห่งเพื่อทิ้งของเสียนิวเคลียร์ในรัฐ อย่างไรก็ตาม เนื่องจากกฎหมายใหม่นี้ ชายคนนี้จะไม่สามารถปฏิบัติตามสัญญาเหล่านี้ได้ สมมติว่าชายคนนี้มีสิทธิ์ที่จะท้าทายกฎหมายของรัฐนี้ ข้อใดต่อไปนี้เป็นเหตุผลทางรัฐธรรมนูญที่แข็งแกร่งที่สุดในการท้าทายกฎหมายของรัฐที่ห้ามการทิ้งของเสียนิวเคลียร์ภายในรัฐ?",
        "th_choices": [
            "The commerce clause.",
            "The equal protection clause of the Fourteenth Amendment.",
            "The privileges and immunities clause of Article IV, Section 2.",
            "The contract clause."
        ]
    }
]
