[
    {
        "question": "When an arguer causes confusion during refutation because of real or feigned lack of an ability to engage in refutation, that arguer may have committed the fallacy of",
        "subject": "logical_fallacies",
        "choices": [
            "poor sportsmanship",
            "appeal to compassion",
            "argument against the person",
            "ignorance of refutation"
        ],
        "answer": 3,
        "th_question": "เมื่อผู้โต้แย้งทำให้เกิดความสับสนในระหว่างการโต้แย้งเนื่องจากขาดความสามารถในการโต้แย้งจริงๆ หรือเป็นเพียงการแสดงออกที่ไม่จริงใจ ผู้โต้แย้งนั้นอาจได้กระทำความผิดพลาดทางตรรกะที่เรียกว่า",
        "th_choices": [
            "poor sportsmanship",
            "appeal to compassion",
            "argument against the person",
            "ignorance of refutation"
        ]
    },
    {
        "question": "Which of the following is true of a valid categorical syllogism?",
        "subject": "logical_fallacies",
        "choices": [
            "The minor premise must deny the antecedent",
            "The major premise must affirm the consequent",
            "The middle term must be used in at least one premise in a universal or unqualified sense",
            "All of the above"
        ],
        "answer": 2,
        "th_question": "ข้อใดต่อไปนี้เป็นจริงเกี่ยวกับการอ้างเหตุผลแบบหมวดหมู่ที่ถูกต้อง?",
        "th_choices": [
            "ข้อตั้งเล็กต้องปฏิเสธส่วนต้น",
            "ข้อตั้งใหญ่ต้องยืนยันส่วนท้าย",
            "คำกลางต้องถูกใช้ในอย่างน้อยหนึ่งข้อตั้งในความหมายที่เป็นสากลหรือไม่มีเงื่อนไข",
            "ทั้งหมดข้างต้น"
        ]
    },
    {
        "question": "If someone attacks the character of an opposing arguer, instead of responding to that opponent's arguments, the first person has probably committed which of the following fallacies?",
        "subject": "logical_fallacies",
        "choices": [
            "tu quoque",
            "horse laugh",
            "argument against the person",
            "ignoratio elenchi"
        ],
        "answer": 2,
        "th_question": "หากมีคนโจมตีตัวละครของผู้โต้แย้งฝ่ายตรงข้าม แทนที่จะตอบโต้ต่อข้อโต้แย้งของคู่ต่อสู้นั้น บุคคลแรกน่าจะได้กระทำความผิดพลาดใดต่อไปนี้?",
        "th_choices": [
            "tu quoque",
            "horse laugh",
            "argument against the person",
            "ignoratio elenchi"
        ]
    },
    {
        "question": "The complex question fallacy consists of",
        "subject": "logical_fallacies",
        "choices": [
            "arguing something is inferior just because it doesn't do something it was never intended to do.",
            "including more than one claim in the proposition and treating proof for one claim as proof for all the claims.",
            "drawing a conclusion before examining the evidence, and only considering evidence that supports that conclusion.",
            "asking a question that includes either an unproven assumption or more than one question, thus making a straightforward yes or no answer meaningless."
        ],
        "answer": 3,
        "th_question": "ข้อผิดพลาดของคำถามที่ซับซ้อนประกอบด้วย",
        "th_choices": [
            "การโต้แย้งว่าบางสิ่งบางอย่างด้อยกว่าเพียงเพราะมันไม่ทำสิ่งที่มันไม่ได้ถูกตั้งใจให้ทำ",
            "รวมคำกล่าวอ้างมากกว่าหนึ่งข้อในข้อเสนอและถือว่าหลักฐานสำหรับคำกล่าวอ้างหนึ่งเป็นหลักฐานสำหรับคำกล่าวอ้างทั้งหมด",
            "การสรุปก่อนที่จะตรวจสอบหลักฐาน และพิจารณาเฉพาะหลักฐานที่สนับสนุนสรุปนั้น",
            "การถามคำถามที่รวมถึงสมมติฐานที่ไม่ได้รับการพิสูจน์หรือมากกว่าหนึ่งคำถาม ทำให้คำตอบที่เรียบง่ายว่าใช่หรือไม่ใช่ไม่มีความหมาย"
        ]
    },
    {
        "question": "Arguing that what is true of the parts must be true of the whole is the fallacy of...",
        "subject": "logical_fallacies",
        "choices": [
            "Division",
            "Composition",
            "Appeal to the person",
            "Appeal to ignorance"
        ],
        "answer": 1,
        "th_question": "การโต้แย้งว่าสิ่งที่เป็นจริงสำหรับส่วนประกอบต้องเป็นจริงสำหรับทั้งหมดเป็นข้อผิดพลาดของ...",
        "th_choices": [
            "Division",
            "Composition",
            "Appeal to the person",
            "Appeal to ignorance"
        ]
    }
]
