[
    {
        "question": "A new smartwatch is manufactured in one part of a factory, then secured for shipping in another, independent part of the factory. The weight of the smartwatch has a mean of 62 grams and a standard deviation of 1.0 grams. The weight of the packaging (box, user's guide, bubble wrap, etc.) has a mean of 456 grams and a standard deviation of 6 grams. Together, the distribution of the weight of the smartwatch and its packaging would have the following mean and standard deviation:",
        "subject": "high_school_statistics",
        "choices": [
            "Mean 518 grams; standard deviation 7.0 grams",
            "Mean 518 grams; standard deviation 3.5 grams",
            "Mean 518 grams; standard deviation 6.1 grams",
            "Mean 394 grams; standard deviation 6.1 grams"
        ],
        "answer": 2,
        "th_question": "นาฬิกาอัจฉริยะใหม่ถูกผลิตในส่วนหนึ่งของโรงงาน จากนั้นจะถูกจัดเตรียมสำหรับการขนส่งในส่วนอื่นที่เป็นอิสระของโรงงาน น้ำหนักของนาฬิกาอัจฉริยะมีค่าเฉลี่ยอยู่ที่ 62 กรัม และมีค่าเบี่ยงเบนมาตรฐานอยู่ที่ 1.0 กรัม น้ำหนักของบรรจุภัณฑ์ (กล่อง คู่มือผู้ใช้ ฟองน้ำห่อของ ฯลฯ) มีค่าเฉลี่ยอยู่ที่ 456 กรัม และมีค่าเบี่ยงเบนมาตรฐานอยู่ที่ 6 กรัม รวมกันแล้ว การกระจายน้ำหนักของนาฬิกาอัจฉริยะและบรรจุภัณฑ์ของมันจะมีค่าเฉลี่ยและค่าเบี่ยงเบนมาตรฐานดังต่อไปนี้:",
        "th_choices": [
            "ค่าเฉลี่ย 518 กรัม; ค่าเบี่ยงเบนมาตรฐาน 7.0 กรัม",
            "ค่าเฉลี่ย 518 กรัม; ค่าเบี่ยงเบนมาตรฐาน 3.5 กรัม",
            "ค่าเฉลี่ย 518 กรัม; ค่าเบี่ยงเบนมาตรฐาน 6.1 กรัม",
            "ค่าเฉลี่ย 394 กรัม; ค่าเบี่ยงเบนมาตรฐาน 6.1 กรัม"
        ]
    },
    {
        "question": "After a frost warning was issued, the owner of a large orange grove asked his workers to spray all his trees with water. The water was supposed to freeze and form a protective covering of ice around the orange blossom. Nevertheless, the owner suspected that some trees suffered considerable damage due to the frost. To estimate the proportion of trees that suffered more than 50 percent damage due to the frost, he took a random sample of 100 trees from his grove. What is the response variable in this experiment?",
        "subject": "high_school_statistics",
        "choices": [
            "The proportion of trees that suffered more than 50 percent damage due to frost.",
            "The number of trees affected by the frost.",
            "The number of trees sampled from the grove.",
            "For each sampled tree, whether it suffered more than 50 percent damage or at most 50 percent damage."
        ],
        "answer": 3,
        "th_question": "หลังจากมีการออกคำเตือนภาวะน้ำค้างแข็ง, เจ้าของสวนส้มขนาดใหญ่ได้ขอให้พนักงานของเขาฉีดน้ำทั้งหมดบนต้นไม้ของเขา เนื่องจากน้ำคาดว่าจะแข็งตัวและสร้างเปลือกน้ำแข็งป้องกันรอบดอกส้ม อย่างไรก็ตาม, เจ้าของสวนสงสัยว่าบางต้นอาจได้รับความเสียหายอย่างมากจากภาวะน้ำค้างแข็ง เพื่อประเมินสัดส่วนของต้นไม้ที่ได้รับความเสียหายมากกว่า 50 เปอร์เซ็นต์จากภาวะน้ำค้างแข็ง, เขาได้เลือกตัวอย่างแบบสุ่ม 100 ต้นจากสวนของเขา ตัวแปรตอบสนองในการทดลองนี้คืออะไร?",
        "th_choices": [
            "สัดส่วนของต้นไม้ที่ได้รับความเสียหายมากกว่า 50 เปอร์เซ็นต์จากภาวะน้ำค้างแข็ง",
            "จำนวนต้นไม้ที่ได้รับผลกระทบจากภาวะน้ำค้างแข็ง",
            "จำนวนต้นไม้ที่เลือกตัวอย่างจากสวน",
            "สำหรับแต่ละต้นไม้ที่เลือกตัวอย่าง, ไม่ว่าจะได้รับความเสียหายมากกว่า 50 เปอร์เซ็นต์หรือไม่เกิน 50 เปอร์เซ็นต์"
        ]
    },
    {
        "question": "Which of the following sets has the smallest standard deviation? Which has the largest?\nI: {1,2,3}\nII: {-10,10}\nIII: {100}\n",
        "subject": "high_school_statistics",
        "choices": [
            "I, II",
            "II, III",
            "III, I",
            "III, II"
        ],
        "answer": 3,
        "th_question": "ชุดข้อมูลใดต่อไปนี้มีค่าเบี่ยงเบนมาตรฐานน้อยที่สุด? ชุดใดมีค่าเบี่ยงเบนมาตรฐานมากที่สุด?I: {1,2,3}II: {-10,10}III: {100}",
        "th_choices": [
            "I, II",
            "II, III",
            "III, I",
            "III, II"
        ]
    },
    {
        "question": "Which of the following is a correct statement about correlation?",
        "subject": "high_school_statistics",
        "choices": [
            "If the slope of the regression line is exactly 1, then the correlation is exactly 1.",
            "If the correlation is 0, then the slope of the regression line is undefined.",
            "Switching which variable is called x and which is called y changes the sign of the correlation.",
            "The correlation r is equal to the slope of the regression line when z-scores for the y-variable are plotted against z-scores for the x-variable."
        ],
        "answer": 3,
        "th_question": "ข้อใดต่อไปนี้เป็นข้อความที่ถูกต้องเกี่ยวกับความสัมพันธ์?",
        "th_choices": [
            "หากความชันของเส้นการถดถอยมีค่าเท่ากับ 1 แล้ว ความสัมพันธ์ก็จะมีค่าเท่ากับ 1 อย่างแน่นอน",
            "หากความสัมพันธ์มีค่าเป็น 0 แล้วความชันของเส้นการถดถอยจะไม่มีค่ากำหนด",
            "การสลับตัวแปรที่เรียกว่า x และตัวแปรที่เรียกว่า y จะเปลี่ยนเครื่องหมายของความสัมพันธ์",
            "ความสัมพันธ์ r เท่ากับความชันของเส้นการถดถอยเมื่อพล็อตคะแนน z สำหรับตัวแปร y ต่อคะแนน z สำหรับตัวแปร x"
        ]
    },
    {
        "question": "Suppose X and Y are random variables with E(X) = 37, var(X) = 5, E(Y) = 62, and var(Y) = 12. What are the expected value and variance of the random variable X + Y?",
        "subject": "high_school_statistics",
        "choices": [
            "E(X + Y) = 99, var(X + Y) = 8.5",
            "E(X + Y) = 99, var(X + Y) = 13",
            "E(X + Y) = 99, var(X + Y) = 17",
            "There is insufficient information to answer this question."
        ],
        "answer": 3,
        "th_question": "สมมติว่า X และ Y เป็นตัวแปรสุ่มที่มี E(X) = 37, var(X) = 5, E(Y) = 62, และ var(Y) = 12 ค่าคาดหวังและความแปรปรวนของตัวแปรสุ่ม X + Y คืออะไร?",
        "th_choices": [
            "E(X + Y) = 99, var(X + Y) = 8.5",
            "E(X + Y) = 99, var(X + Y) = 13",
            "E(X + Y) = 99, var(X + Y) = 17",
            "ไม่มีข้อมูลเพียงพอที่จะตอบคำถามนี้"
        ]
    }
]
