[
    {
        "question": "Statement 1 | Every element of a group generates a cyclic subgroup of the group. Statement 2 | The symmetric group S_10 has 10 elements.",
        "subject": "abstract_algebra",
        "choices": [
            "True, True",
            "False, False",
            "True, False",
            "False, True"
        ],
        "answer": 2,
        "th_question": "ข้อความที่ 1 | ทุกองค์ประกอบของกลุ่มสามารถสร้างกลุ่มย่อยแบบวงกลมของกลุ่มนั้นได้ ข้อความที่ 2 | กลุ่มสมมาตร S_10 มีสมาชิก 10 ตัว",
        "th_choices": [
            "จริง, จริง",
            "เท็จ, เท็จ",
            "จริง, เท็จ",
            "เท็จ, จริง"
        ]
    },
    {
        "question": "Find the characteristic of the ring 2Z.",
        "subject": "abstract_algebra",
        "choices": [
            "0",
            "3",
            "12",
            "30"
        ],
        "answer": 0,
        "th_question": "หาลักษณะเฉพาะของวงแหวน 2Z",
        "th_choices": [
            "0",
            "3",
            "12",
            "30"
        ]
    },
    {
        "question": "Statement 1| Every function from a finite set onto itself must be one to one. Statement 2 | Every subgroup of an abelian group is abelian.",
        "subject": "abstract_algebra",
        "choices": [
            "True, True",
            "False, False",
            "True, False",
            "False, True"
        ],
        "answer": 0,
        "th_question": "ข้อความที่ 1| ฟังก์ชันทุกฟังก์ชันจากเซตจำกัดไปยังตัวมันเองต้องเป็นหนึ่งต่อหนึ่ง ข้อความที่ 2 | กลุ่มย่อยทุกกลุ่มของกลุ่มอเบลีเอ็นเป็นกลุ่มอเบลีเอ็น",
        "th_choices": [
            "จริง, จริง",
            "เท็จ, เท็จ",
            "จริง, เท็จ",
            "เท็จ, จริง"
        ]
    },
    {
        "question": "Statement 1 | If aH is an element of a factor group, then |aH| divides |a|. Statement 2 | If H and K are subgroups of G then HK is a subgroup of G.",
        "subject": "abstract_algebra",
        "choices": [
            "True, True",
            "False, False",
            "True, False",
            "False, True"
        ],
        "answer": 1,
        "th_question": "ข้อความ 1 | ถ้า aH เป็นสมาชิกของกลุ่มปัจจัย แล้ว |aH| หาร |a| ข้อความ 2 | ถ้า H และ K เป็นกลุ่มย่อยของ G แล้ว HK เป็นกลุ่มย่อยของ G",
        "th_choices": [
            "จริง, จริง",
            "เท็จ, เท็จ",
            "จริง, เท็จ",
            "เท็จ, จริง"
        ]
    },
    {
        "question": "Find all c in Z_3 such that Z_3[x]/(x^2 + c) is a field.",
        "subject": "abstract_algebra",
        "choices": [
            "0",
            "1",
            "2",
            "3"
        ],
        "answer": 1,
        "th_question": "หา c ทั้งหมดใน Z_3 ที่ทำให้ Z_3[x]/(x^2 + c) เป็นฟิลด์",
        "th_choices": [
            "0",
            "1",
            "2",
            "3"
        ]
    }
]
