[
    {
        "question": "In the construction of a multiple regression equation for purposes of prediction, the optimal combination of measures is one in which the predictors",
        "subject": "professional_psychology",
        "choices": [
            "are uncorrelated with each other but are moderately correlated with the criterion",
            "have low correlations with each other and low correlations with the criterion",
            "are highly intercorrelated with each other and moderately correlated with the criterion",
            "have low correlations with the criterion bur are moderately correlated with each other"
        ],
        "answer": 0,
        "th_question": "ในการสร้างสมการการถดถอยพหุคูณเพื่อวัตถุประสงค์ในการทำนาย การรวมตัวชี้วัดที่ดีที่สุดคือหนึ่งในที่ตัวทำนาย",
        "th_choices": [
            "ไม่มีความสัมพันธ์กันเองแต่มีความสัมพันธ์กับเกณฑ์ในระดับปานกลาง",
            "มีความสัมพันธ์ต่ำกันเองและมีความสัมพันธ์ต่ำกับเกณฑ์",
            "มีความสัมพันธ์สูงกันเองและมีความสัมพันธ์กับเกณฑ์ในระดับปานกลาง",
            "มีความสัมพันธ์ต่ำกับเกณฑ์แต่มีความสัมพันธ์กันเองในระดับปานกลาง"
        ]
    },
    {
        "question": "There are three ways to measure the Central Tendency: the Mean, the Median and the Mode. From your knowledge about them, what is the mode?",
        "subject": "professional_psychology",
        "choices": [
            "less sensitive to extreme scores than the mean",
            "more useful for skewed distributions",
            "sensitive to extreme values and highly skewed distributions",
            "the most frequently occurring number"
        ],
        "answer": 3,
        "th_question": "มีสามวิธีในการวัดค่ากลาง: ค่าเฉลี่ย (Mean), ค่ามัธยฐาน (Median) และฐานนิยม (Mode) จากความรู้ของคุณเกี่ยวกับพวกเขา ฐานนิยมคืออะไร?",
        "th_choices": [
            "น้อยไวต่อคะแนนที่สุดขั้วกว่าค่าเฉลี่ย",
            "มีประโยชน์มากขึ้นสำหรับการแจกแจงที่เบ้ไปทางใดทางหนึ่ง",
            "ไวต่อค่าสุดขั้วและการแจกแจงที่เบ้มาก",
            "ตัวเลขที่ปรากฏบ่อยที่สุด"
        ]
    },
    {
        "question": "Carl Jung believed that a client's transference:",
        "subject": "professional_psychology",
        "choices": [
            "is a fantasy that distracts the client from reality.",
            "represents “mixed feelings” toward the therapist. ",
            "\"is a form of \"\"acting out.\"\"\"",
            "reflects the client’s personal and collective unconscious."
        ],
        "answer": 3,
        "th_question": "คาร์ล ยุง เชื่อว่าการถ่ายทอดของลูกค้า:",
        "th_choices": [
            "เป็นจินตนาการที่ทำให้ลูกค้าหลุดออกจากความเป็นจริง",
            "แสดงถึง “ความรู้สึกผสมผสาน” ต่อนักบำบัด",
            "เป็นรูปแบบหนึ่งของการ ''แสดงออก''",
            "สะท้อนถึงจิตใต้สำนึกส่วนบุคคลและส่วนรวมของลูกค้า"
        ]
    },
    {
        "question": "One of your therapy clients asks your advice about a good weight- reduction program. You have investigated the programs in the community and are enrolled in the one you consider the best. This program offers a $50 bonus to its patrons for each new person they bring into the program. Under these circumstances, your most appropriate response would be to",
        "subject": "professional_psychology",
        "choices": [
            "tell your client the pros and cons of each program you know about except for the one in which you are enrolled",
            "recommend to your client the program in which you are enrolled and explain the $50 bonus you will receive",
            "recommend to your client the program in which you are enrolled and offer to have the $50 bonus credited to your client's account in the program",
            "tell your client the pros and cons of each program you know about, but do not claim the $50 bonus if your client enrolls in your program"
        ],
        "answer": 3,
        "th_question": "หนึ่งในลูกค้าที่มาปรึกษาเรื่องการบำบัดของคุณถามคำแนะนำเกี่ยวกับโปรแกรมลดน้ำหนักที่ดี คุณได้ตรวจสอบโปรแกรมต่างๆ ในชุมชนและได้ลงทะเบียนในโปรแกรมที่คุณคิดว่าดีที่สุด โปรแกรมนี้มอบโบนัส 50 ดอลลาร์ให้กับลูกค้าสำหรับทุกคนที่พวกเขานำเข้ามาในโปรแกรม ภายใต้สถานการณ์เหล่านี้ คำตอบที่เหมาะสมที่สุดของคุณควรจะเป็น",
        "th_choices": [
            "บอกลูกค้าของคุณเกี่ยวกับข้อดีและข้อเสียของแต่ละโปรแกรมที่คุณรู้จักยกเว้นโปรแกรมที่คุณลงทะเบียนอยู่",
            "แนะนำโปรแกรมที่คุณลงทะเบียนอยู่ให้กับลูกค้าของคุณและอธิบายเกี่ยวกับโบนัส 50 ดอลลาร์ที่คุณจะได้รับ",
            "แนะนำโปรแกรมที่คุณลงทะเบียนอยู่ให้กับลูกค้าของคุณและเสนอให้โอนโบนัส 50 ดอลลาร์เข้าบัญชีของลูกค้าในโปรแกรม",
            "บอกลูกค้าของคุณเกี่ยวกับข้อดีและข้อเสียของแต่ละโปรแกรมที่คุณรู้จัก แต่ไม่อ้างสิทธิ์โบนัส 50 ดอลลาร์หากลูกค้าของคุณลงทะเบียนในโปรแกรมของคุณ"
        ]
    },
    {
        "question": "In terms of Hofstede’s (1980) five cultural dimensions, the United States scores at the top of the scale on:",
        "subject": "professional_psychology",
        "choices": [
            "individualism.",
            "individualism and power distance.",
            "power distance and masculinity.",
            "uncertainty avoidance."
        ],
        "answer": 0,
        "th_question": "ในแง่ของห้ามิติทางวัฒนธรรมของ Hofstede (1980) สหรัฐอเมริกามีคะแนนสูงสุดในเกณฑ์:",
        "th_choices": [
            "อัตลักษณ์.",
            "อัตลักษณ์ และ ระยะห่างของอำนาจ.",
            "ระยะห่างของอำนาจ และ ความเป็นชาย.",
            "การหลีกเลี่ยงความไม่แน่นอน."
        ]
    }
]
