[
    {
        "question": "To ensure the independence of the non-executive board members, they are a number of steps which can be taken, which include non-executives being drawn from _______ the company, being appointed for a _________ time period as well as being appointed _________.",
        "subject": "business_ethics",
        "choices": [
            "Outside, Limited, Independently",
            "Inside, Limited, Intermittently",
            "Outside, Unlimited, Intermittently",
            "Inside, Unlimited, Independently"
        ],
        "answer": 0,
        "th_question": "เพื่อให้แน่ใจว่าสมาชิกกรรมการไม่ใช่ผู้บริหารมีความเป็นอิสระ พวกเขามีขั้นตอนหลายอย่างที่สามารถดำเนินการได้ ซึ่งรวมถึงการเลือกสมาชิกไม่ใช่ผู้บริหารมาจาก _______ บริษัท การแต่งตั้งเป็นเวลา _________ และการแต่งตั้ง _________.",
        "th_choices": [
            "ภายนอก, จำกัด, อย่างอิสระ",
            "ภายใน, จำกัด, อย่างไม่ต่อเนื่อง",
            "ภายนอก, ไม่จำกัด, อย่างไม่ต่อเนื่อง",
            "ภายใน, ไม่จำกัด, อย่างอิสระ"
        ]
    },
    {
        "question": "Three contrasting tactics that CSO's can engage in to meet their aims are ________ which typically involves research and communication, ________, which may involve physically attacking a company's operations or ________, often involving some form of _______.",
        "subject": "business_ethics",
        "choices": [
            "Non-violent direct action, Violent direct action, Indirect action, Boycott",
            "Indirect action, Instrumental action, Non-violent direct action, Information campaign",
            "Indirect action, Violent direct action, Non-violent direct-action Boycott",
            "Non-violent direct action, Instrumental action, Indirect action, Information campaign"
        ],
        "answer": 2,
        "th_question": "สามกลยุทธ์ที่ตรงกันข้ามซึ่ง CSO สามารถมีส่วนร่วมเพื่อบรรลุเป้าหมายของพวกเขาคือ ________ ซึ่งโดยทั่วไปจะเกี่ยวข้องกับการวิจัยและการสื่อสาร, ________, ซึ่งอาจเกี่ยวข้องกับการโจมตีบริษัทด้วยวิธีการทางกายภาพหรือ ________, ซึ่งมักจะเกี่ยวข้องกับรูปแบบหนึ่งของ _______.",
        "th_choices": [
            "การกระทำโดยตรงที่ไม่รุนแรง, การกระทำโดยตรงที่รุนแรง, การกระทำโดยอ้อม, การคว่ำบาตร",
            "การกระทำโดยอ้อม, การกระทำเชิงเครื่องมือ, การกระทำโดยตรงที่ไม่รุนแรง, แคมเปญข้อมูล",
            "การกระทำโดยอ้อม, การกระทำโดยตรงที่รุนแรง, การกระทำโดยตรงที่ไม่รุนแรง การคว่ำบาตร",
            "การกระทำโดยตรงที่ไม่รุนแรง, การกระทำเชิงเครื่องมือ, การกระทำโดยอ้อม, แคมเปญข้อมูล"
        ]
    },
    {
        "question": "In contrast to _______, _______ aim to reward favourable behaviour by companies. The success of such campaigns have been heightened through the use of ___________, which allow campaigns to facilitate the company in achieving _________ .",
        "subject": "business_ethics",
        "choices": [
            "Buycotts, Boycotts, Blockchain technology, Charitable donations",
            "Buycotts, Boycotts, Digital technology, Increased Sales",
            "Boycotts, Buyalls, Blockchain technology, Charitable donations",
            "Boycotts, Buycotts, Digital technology, Increased Sales"
        ],
        "answer": 3,
        "th_question": "ตรงกันข้ามกับ _______, _______ มุ่งหวังที่จะส่งเสริมพฤติกรรมที่ดีจากบริษัท ความสำเร็จของแคมเปญเหล่านี้ได้รับการเพิ่มขึ้นผ่านการใช้ ___________, ซึ่งช่วยให้แคมเปญสามารถสนับสนุนบริษัทในการบรรลุ _________",
        "th_choices": [
            "Buycotts, Boycotts, Blockchain technology, Charitable donations",
            "Buycotts, Boycotts, Digital technology, Increased Sales",
            "Boycotts, Buyalls, Blockchain technology, Charitable donations",
            "Boycotts, Buycotts, Digital technology, Increased Sales"
        ]
    },
    {
        "question": "_______ is the direct attempt to formally or informally manage ethical issues or problems, through specific policies, practices and programmes.",
        "subject": "business_ethics",
        "choices": [
            "Corporate social responsibility",
            "Business ethics management",
            "Sustainability",
            "Environmental management"
        ],
        "answer": 1,
        "th_question": "_______ เป็นการพยายามโดยตรงในการจัดการกับปัญหาหรือประเด็นทางจริยธรรมอย่างเป็นทางการหรือไม่เป็นทางการ ผ่านนโยบาย ปฏิบัติการ และโปรแกรมที่เฉพาะเจาะจง",
        "th_choices": [
            "ความรับผิดชอบต่อสังคมขององค์กร",
            "การจัดการจริยธรรมในธุรกิจ",
            "ความยั่งยืน",
            "การจัดการสิ่งแวดล้อม"
        ]
    },
    {
        "question": "Beyond the business case for engaging in CSR there are a number of moral arguments relating to: negative _______, the _______that corporations possess and the ________ of business and society.",
        "subject": "business_ethics",
        "choices": [
            "Externalities, Power, Independence",
            "Publicity, Insubstantial resources, Mutual dependence",
            "Publicity, Power, Independence",
            "Externalities, Power, Mutual dependence"
        ],
        "answer": 3,
        "th_question": "นอกเหนือจากกรณีธุรกิจสำหรับการมีส่วนร่วมใน CSR ยังมีข้อโต้แย้งทางศีลธรรมจำนวนหนึ่งที่เกี่ยวข้องกับ: ผลกระทบลบ, อำนาจที่องค์กรมี และความเป็นอิสระของธุรกิจและสังคม",
        "th_choices": [
            "Externalities, Power, Independence",
            "Publicity, Insubstantial resources, Mutual dependence",
            "Publicity, Power, Independence",
            "Externalities, Power, Mutual dependence"
        ]
    }
]
