[
    {
        "question": "From the solubility rules, which of the following is true?",
        "subject": "high_school_chemistry",
        "choices": [
            "All chlorides, bromides, and iodides are soluble",
            "All sulfates are soluble",
            "All hydroxides are soluble",
            "All ammonium-containing compounds are soluble"
        ],
        "answer": 3,
        "th_question": "จากกฎการละลาย ข้อใดต่อไปนี้เป็นความจริง?",
        "th_choices": [
            "คลอไรด์ โบรไมด์ และไอโอไดด์ทั้งหมดละลายได้",
            "ซัลเฟตทั้งหมดละลายได้",
            "ไฮดรอกไซด์ทั้งหมดละลายได้",
            "สารประกอบที่มีแอมโมเนียมทั้งหมดละลายได้"
        ]
    },
    {
        "question": "Which of the following is expected to be a polar molecule?",
        "subject": "high_school_chemistry",
        "choices": [
            "PCl4F",
            "BF3",
            "CO2",
            "Si(CH3)4"
        ],
        "answer": 0,
        "th_question": "ข้อใดต่อไปนี้คาดว่าจะเป็นโมเลกุลขั้ว?",
        "th_choices": [
            "PCl4F",
            "BF3",
            "CO2",
            "Si(CH3)4"
        ]
    },
    {
        "question": "A solution contains 2.00 mole of acetic acid, CH3COOH, and 1.00 mole of calcium acetate, Ca(CH3COO)2. The solution is able to resist the addition of a small amount of strong acid or strong base with only minor changes in the pH of the solution. Larger quantities of strong acid or strong base can cause a significant change in pH. How many moles of nitric acid, HNO3, may be added before the pH begins to change significantly?",
        "subject": "high_school_chemistry",
        "choices": [
            "0.500 mole",
            "1.00 mole",
            "2.00 mole",
            "3.00 mole"
        ],
        "answer": 2,
        "th_question": "สารละลายมีกรดอะซิติก 2.00 โมล, CH3COOH, และอะซิเตตแคลเซียม 1.00 โมล, Ca(CH3COO)2 สารละลายนี้สามารถต้านทานการเพิ่มกรดหรือเบสที่แข็งแกร่งเพียงเล็กน้อยโดยมีการเปลี่ยนแปลงค่า pH ของสารละลายเพียงเล็กน้อย ปริมาณที่มากขึ้นของกรดหรือเบสที่แข็งแกร่งสามารถทำให้เกิดการเปลี่ยนแปลงค่า pH อย่างมาก กรดไนตริก HNO3 จำนวนกี่โมลที่สามารถเพิ่มเข้าไปก่อนที่ค่า pH จะเริ่มเปลี่ยนแปลงอย่างมีนัยสำคัญ?",
        "th_choices": [
            "0.500 โมล",
            "1.00 โมล",
            "2.00 โมล",
            "3.00 โมล"
        ]
    },
    {
        "question": "A new compound is synthesized and found to be a monoprotic acid with a molar mass of 248 g/mol. When 0.0050 mol of this acid are dissolved in 0.500 L of water, the pH is measured as 3.89. What is the pKa of this acid?",
        "subject": "high_school_chemistry",
        "choices": [
            "3.89",
            "7.78",
            "5.78",
            "2.33"
        ],
        "answer": 2,
        "th_question": "สารประกอบใหม่ถูกสังเคราะห์และพบว่าเป็นกรดมอโนโพรติกที่มีมวลโมเลกุล 248 กรัม/โมล เมื่อ 0.0050 โมลของกรดนี้ถูกละลายในน้ำ 0.500 ลิตร ค่า pH ถูกวัดเป็น 3.89 ค่า pKa ของกรดนี้คืออะไร?",
        "th_choices": [
            "3.89",
            "7.78",
            "5.78",
            "2.33"
        ]
    },
    {
        "question": "Which of the following is considered an acid anhydride?",
        "subject": "high_school_chemistry",
        "choices": [
            "HCl",
            "H2SO3",
            "SO2",
            "Al(NO3)3"
        ],
        "answer": 2,
        "th_question": "ข้อใดต่อไปนี้ถือว่าเป็นกรดอนไฮไดรด์?",
        "th_choices": [
            "HCl",
            "H2SO3",
            "SO2",
            "Al(NO3)3"
        ]
    }
]
