[
    {
        "question": "Which of the following regular expressions is equivalent to (describes the same set of strings as) (a* + b)*(c + d)?",
        "subject": "college_computer_science",
        "choices": [
            "a*(c + d)+ b(c + d)",
            "a*(c + d)* + b(c + d)*",
            "a*(c + d)+ b*(c + d)",
            "(a + b)*c +(a + b)*d"
        ],
        "answer": 3,
        "th_question": "ข้อใดต่อไปนี้เป็นนิพจน์ปรกติที่เท่าเทียมกับ (อธิบายชุดของสายอักขระเดียวกันกับ) (a* + b)*(c + d)?",
        "th_choices": [
            "a*(c + d)+ b(c + d)",
            "a*(c + d)* + b(c + d)*",
            "a*(c + d)+ b*(c + d)",
            "(a + b)*c +(a + b)*d"
        ]
    },
    {
        "question": "Consider a computer design in which multiple processors, each with a private cache memory, share global memory using a single bus. This bus is the critical system resource. Each processor can execute one instruction every 500 nanoseconds as long as memory references are satisfied by its local cache. When a cache miss occurs, the processor is delayed for an additional 2,000 nanoseconds. During half of this additional delay, the bus is dedicated to serving the cache miss. During the other half, the processor cannot continue, but the bus is free to service requests from other processors. On average, each instruction requires 2 memory references. On average, cache misses occur on 1 percent of references. What proportion of the capacity of the bus would a single processor consume, ignoring delays due to competition from other processors?",
        "subject": "college_computer_science",
        "choices": [
            "1/50",
            "1/27",
            "1/25",
            "2/27"
        ],
        "answer": 1,
        "th_question": "พิจารณาการออกแบบคอมพิวเตอร์ที่มีหลายโปรเซสเซอร์ แต่ละโปรเซสเซอร์มีหน่วยความจำแคชส่วนตัว และใช้หน่วยความจำรวมกันผ่านบัสเดียว บัสนี้เป็นทรัพยากรระบบที่สำคัญ โปรเซสเซอร์แต่ละตัวสามารถประมวลผลคำสั่งหนึ่งคำสั่งทุก ๆ 500 นาโนวินาที ตราบเท่าที่การอ้างอิงหน่วยความจำได้รับการตอบสนองจากหน่วยความจำแคชในท้องถิ่น เมื่อเกิดการพลาดแคช โปรเซสเซอร์จะถูกหน่วงเวลาเพิ่มเติมอีก 2,000 นาโนวินาที ในช่วงครึ่งหนึ่งของเวลาหน่วงเพิ่มเติมนี้ บัสจะถูกจัดสรรให้เฉพาะการบริการการพลาดแคช ในอีกครึ่งหนึ่ง โปรเซสเซอร์ไม่สามารถดำเนินการต่อได้ แต่บัสสามารถให้บริการคำขอจากโปรเซสเซอร์อื่นได้ โดยเฉลี่ยแล้ว แต่ละคำสั่งต้องการการอ้างอิงหน่วยความจำ 2 ครั้ง โดยเฉลี่ยแล้ว การพลาดแคชเกิดขึ้นใน 1 เปอร์เซ็นต์ของการอ้างอิง สัดส่วนของความสามารถของบัสที่โปรเซสเซอร์เดียวจะใช้ โดยไม่คำนึงถึงการหน่วงเวลาจากการแข่งขันกับโปรเซสเซอร์อื่น คืออะไร?",
        "th_choices": [
            "1/50",
            "1/27",
            "1/25",
            "2/27"
        ]
    },
    {
        "question": "A certain pipelined RISC machine has 8 general-purpose registers R0, R1, . . . , R7 and supports the following operations.\nADD Rs1, Rs2, Rd Add Rs1 to Rs2 and put the sum in Rd\nMUL Rs1, Rs2, Rd Multiply Rs1 by Rs2 and put the product in Rd\nAn operation normally takes one cycle; however, an operation takes two cycles if it produces a result required by the immediately following operation in an operation sequence. Consider the expression AB + ABC + BC, where variables A, B, C are located in registers R0, R1, R2. If the contents of these three registers must not be modified, what is the minimum number of clock cycles required for an operation sequence that computes the value of AB + ABC + BC?",
        "subject": "college_computer_science",
        "choices": [
            "5",
            "6",
            "7",
            "8"
        ],
        "answer": 1,
        "th_question": "เครื่อง RISC แบบ pipelined บางเครื่องมี register ทั่วไป 8 ตัว คือ R0, R1, . . . , R7 และรองรับการดำเนินการต่อไปนี้ADD Rs1, Rs2, Rd บวก Rs1 กับ Rs2 และใส่ผลรวมใน RdMUL Rs1, Rs2, Rd คูณ Rs1 กับ Rs2 และใส่ผลคูณใน Rdการดำเนินการปกติใช้เวลาหนึ่งรอบ; อย่างไรก็ตาม, การดำเนินการจะใช้เวลาสองรอบหากมันผลิตผลลัพธ์ที่ต้องการโดยการดำเนินการที่ตามมาทันทีในลำดับการดำเนินการ พิจารณานิพจน์ AB + ABC + BC, โดยที่ตัวแปร A, B, C อยู่ใน register R0, R1, R2 หากเนื้อหาของ register เหล่านี้ไม่ควรถูกแก้ไข, จำนวนรอบนาฬิกาขั้นต่ำที่ต้องการสำหรับลำดับการดำเนินการที่คำนวณค่าของ AB + ABC + BC คืออะไร?",
        "th_choices": [
            "5",
            "6",
            "7",
            "8"
        ]
    },
    {
        "question": "The Singleton design pattern is used to guarantee that only a single instance of a class may be instantiated. Which of the following is (are) true of this design pattern?\nI. The Singleton class has a static factory method to provide its instance.\nII. The Singleton class can be a subclass of another class.\nIII. The Singleton class has a private constructor.",
        "subject": "college_computer_science",
        "choices": [
            "I only",
            "II only",
            "III only",
            "I, II, and III"
        ],
        "answer": 3,
        "th_question": "รูปแบบการออกแบบ Singleton ถูกใช้เพื่อรับประกันว่าจะมีการสร้างอินสแตนซ์ของคลาสได้เพียงอินสแตนซ์เดียวเท่านั้น ข้อใดต่อไปนี้เป็นจริงเกี่ยวกับรูปแบบการออกแบบนี้?I. คลาส Singleton มีเมธอดโรงงานแบบสแตติกเพื่อให้บริการอินสแตนซ์ของตัวเองII. คลาส Singleton สามารถเป็นคลาสย่อยของคลาสอื่นได้III. คลาส Singleton มีคอนสตรักเตอร์แบบส่วนตัว",
        "th_choices": [
            "I เท่านั้น",
            "II เท่านั้น",
            "III เท่านั้น",
            "I, II และ III"
        ]
    },
    {
        "question": "A compiler generates code for the following assignment statement.\nG := (A + B) * C - (D + E) * F\nThe target machine has a single accumulator and a single-address instruction set consisting of instructions load, store, add, subtract, and multiply. For the arithmetic operations, the left operand is taken from the accumulator and the result appears in the accumulator. The smallest possible number of instructions in the resulting code is",
        "subject": "college_computer_science",
        "choices": [
            "5",
            "6",
            "7",
            "9"
        ],
        "answer": 3,
        "th_question": "คอมไพเลอร์สร้างโค้ดสำหรับคำสั่งการกำหนดค่าต่อไปนี้G := (A + B) * C - (D + E) * Fเครื่องเป้าหมายมี accumulator เดียวและชุดคำสั่งที่อยู่เดียวที่ประกอบด้วยคำสั่ง load, store, add, subtract, และ multiply สำหรับการดำเนินการทางคณิตศาสตร์, operand ด้านซ้ายจะถูกนำมาจาก accumulator และผลลัพธ์จะปรากฏใน accumulator จำนวนคำสั่งที่น้อยที่สุดที่เป็นไปได้ในโค้ดที่ผลิตออกมาคือ",
        "th_choices": [
            "5",
            "6",
            "7",
            "9"
        ]
    }
]
