[
    {
        "question": "The term 'hegemony' refers to:",
        "subject": "sociology",
        "choices": [
            "the tendency for the working class not to realize their own interests",
            "a dominant ideology that legitimates economic, political and cultural power",
            "a form of dual consciousness based on ideology and everyday experiences",
            "a mode of payment given for outstanding topiary"
        ],
        "answer": 1,
        "th_question": "คำว่า 'hegemony' หมายถึง:",
        "th_choices": [
            "ความโน้มเอียงของชนชั้นแรงงานที่ไม่รู้ตัวถึงผลประโยชน์ของตนเอง",
            "อุดมการณ์ที่เป็นผู้นำซึ่งช่วยให้การมีอำนาจทางเศรษฐกิจ การเมือง และวัฒนธรรมได้รับการรับรอง",
            "รูปแบบของความรู้สึกสองฝ่ายที่อิงตามอุดมการณ์และประสบการณ์ประจำวัน",
            "รูปแบบของการชำระเงินที่ให้สำหรับการตกแต่งพุ่มไม้ที่โดดเด่น"
        ]
    },
    {
        "question": "Which of the following did the post-war welfare state of 1948 not aim to provide:",
        "subject": "sociology",
        "choices": [
            "free health care and education for all",
            "a minimum wage",
            "full employment",
            "universal welfare"
        ],
        "answer": 1,
        "th_question": "รัฐสวัสดิการหลังสงครามปี 1948 ไม่มีเป้าหมายที่จะให้บริการอะไรต่อไปนี้:",
        "th_choices": [
            "การดูแลสุขภาพและการศึกษาฟรีสำหรับทุกคน",
            "ค่าจ้างขั้นต่ำ",
            "การจ้างงานเต็มเวลา",
            "สวัสดิการสากล"
        ]
    },
    {
        "question": "The shift from 'civil religion' to 'common religion' means that:",
        "subject": "sociology",
        "choices": [
            "the increasing bureaucracy of the state has made religion only a marginal part of our lives",
            "despite the weakening of traditional authority, our everyday lives and 'common sense' remain shaped by religious beliefs and values",
            "religious participation in collective worship may have declined, but people still practise their faiths in private",
            "people are much more likely to discuss their religious beliefs in public, informal settings"
        ],
        "answer": 1,
        "th_question": "การเปลี่ยนจาก 'civil religion' เป็น 'common religion' หมายความว่า:",
        "th_choices": [
            "การเพิ่มขึ้นของระบบราชการของรัฐทำให้ศาสนาเป็นเพียงส่วนเล็กๆ ในชีวิตของเรา",
            "แม้ว่าอำนาจทางดั้งเดิมจะอ่อนแอลง ชีวิตประจำวันและ 'common sense' ของเรายังคงถูกกำหนดรูปแบบโดยความเชื่อและค่านิยมทางศาสนา",
            "การมีส่วนร่วมทางศาสนาในการนมัสการร่วมกันอาจลดลง แต่ผู้คนยังคงปฏิบัติตามความเชื่อของตนเองในที่ส่วนตัว",
            "ผู้คนมีแนวโน้มที่จะพูดคุยเกี่ยวกับความเชื่อทางศาสนาของตนในที่สาธารณะ สถานที่ไม่เป็นทางการมากขึ้น"
        ]
    },
    {
        "question": "Which of the following is not a problem associated with official statistics on strike action?",
        "subject": "sociology",
        "choices": [
            "most strikes go unnoticed by employers and the mass media",
            "not all industrial disputes will be reported by the employer",
            "the definition of strikes excludes those that involve fewer than ten workers or last less than one day",
            "it is hard to compare strikes that were measured in different ways"
        ],
        "answer": 0,
        "th_question": "ข้อใดต่อไปนี้ไม่ใช่ปัญหาที่เกี่ยวข้องกับสถิติอย่างเป็นทางการเกี่ยวกับการหยุดงาน?",
        "th_choices": [
            "การหยุดงานส่วนใหญ่ไม่ถูกสังเกตเห็นโดยนายจ้างและสื่อมวลชน",
            "ไม่ใช่ทุกความขัดแย้งทางอุตสาหกรรมจะถูกรายงานโดยนายจ้าง",
            "คำนิยามของการหยุดงานไม่รวมถึงการหยุดงานที่มีผู้เข้าร่วมน้อยกว่าสิบคนหรือมีระยะเวลาน้อยกว่าหนึ่งวัน",
            "มันยากที่จะเปรียบเทียบการหยุดงานที่ถูกวัดด้วยวิธีที่แตกต่างกัน"
        ]
    },
    {
        "question": "What does Berger (1963) describe as a metaphor for social reality?",
        "subject": "sociology",
        "choices": [
            "a fairground ride",
            "a circus",
            "a puppet theatre",
            "a ballet"
        ],
        "answer": 2,
        "th_question": "Berger (1963) อธิบายว่าอะไรเป็นเมตาฟอร์สำหรับความเป็นจริงทางสังคม?",
        "th_choices": [
            "การเล่นในงานรื่นเริง",
            "ละครสัตว์",
            "โรงละครหุ่น",
            "บัลเลต์"
        ]
    }
]
