[
    {
        "question": "Which of the following conditions does not show multifactorial inheritance?",
        "subject": "medical_genetics",
        "choices": [
            "Pyloric stenosis",
            "Schizophrenia",
            "Spina bifida (neural tube defects)",
            "Marfan syndrome"
        ],
        "answer": 3,
        "th_question": "สภาวะใดต่อไปนี้ไม่แสดงการถ่ายทอดทางพันธุกรรมแบบหลายปัจจัย?",
        "th_choices": [
            "Pyloric stenosis",
            "โรคจิตเภท",
            "Spina bifida (neural tube defects)",
            "Marfan syndrome"
        ]
    },
    {
        "question": "DNA ligase is",
        "subject": "medical_genetics",
        "choices": [
            "an enzyme that joins fragments in normal DNA replication",
            "an enzyme of bacterial origin which cuts DNA at defined base sequences",
            "an enzyme that facilitates transcription of specific genes",
            "an enzyme which limits the level to which a particular nutrient reaches"
        ],
        "answer": 0,
        "th_question": "DNA ligase เป็น",
        "th_choices": [
            "เอนไซม์ที่เชื่อมต่อชิ้นส่วนในการจำลอง DNA ปกติ",
            "เอนไซม์ที่มีต้นกำเนิดจากแบคทีเรียซึ่งตัด DNA ที่ลำดับฐานที่กำหนด",
            "เอนไซม์ที่ช่วยในการถอดรหัสของยีนเฉพาะ",
            "เอนไซม์ที่จำกัดระดับที่สารอาหารเฉพาะถึง"
        ]
    },
    {
        "question": "A gene showing codominance",
        "subject": "medical_genetics",
        "choices": [
            "has both alleles independently expressed in the heterozygote",
            "has one allele dominant to the other",
            "has alleles tightly linked on the same chromosome",
            "has alleles expressed at the same time in development"
        ],
        "answer": 0,
        "th_question": "ยีนที่แสดงการปกครองร่วม",
        "th_choices": [
            "มีอัลลีลทั้งสองแสดงออกอย่างอิสระในสภาพฮีเทอโรไซกอต",
            "มีอัลลีลหนึ่งเป็นอัลลีลโดดเด่นกว่าอีกอันหนึ่ง",
            "มีอัลลีลที่เชื่อมโยงกันอย่างแน่นหนาบนโครโมโซมเดียวกัน",
            "มีอัลลีลที่ถูกแสดงออกในเวลาเดียวกันในระยะการพัฒนา"
        ]
    },
    {
        "question": "Large triplet repeat expansions can be detected by:",
        "subject": "medical_genetics",
        "choices": [
            "polymerase chain reaction.",
            "single strand conformational polymorphism analysis.",
            "Southern blotting.",
            "Western blotting."
        ],
        "answer": 2,
        "th_question": "การขยายตัวของลำดับซ้ำแบบทริปเล็ตขนาดใหญ่สามารถตรวจพบได้โดย:",
        "th_choices": [
            "ปฏิกิริยาเชื่อมโยงโพลิเมอเรส.",
            "การวิเคราะห์ความหลากหลายของโครงสร้างเส้นด้ายเดี่ยว.",
            "Southern blotting.",
            "Western blotting."
        ]
    },
    {
        "question": "The stage of meiosis in which chromosomes pair and cross over is:",
        "subject": "medical_genetics",
        "choices": [
            "prophase I",
            "metaphase I",
            "prophase II",
            "metaphase II"
        ],
        "answer": 0,
        "th_question": "ขั้นตอนของการแบ่งเซลล์แบบไมโอซิสที่โครโมโซมจับคู่และเกิดการแลกเปลี่ยนคือ:",
        "th_choices": [
            "prophase I",
            "metaphase I",
            "prophase II",
            "metaphase II"
        ]
    }
]
