[
    {
        "question": "Which of the following cases established the precedent that a defendant must be informed of the right to remain silent, the right to a lawyer, and protection from self-incrimination?",
        "subject": "high_school_government_and_politics",
        "choices": [
            "Weeks v. United States",
            "Betts v. Brady",
            "Mapp v. Ohio",
            "Miranda v. Arizona"
        ],
        "answer": 3,
        "th_question": "คดีใดต่อไปนี้ที่สร้างบรรทัดฐานว่าจำเลยต้องได้รับแจ้งสิทธิในการเงียบ, สิทธิในการมีทนายความ, และการป้องกันตนเองจากการสารภาพผิด?",
        "th_choices": [
            "Weeks v. United States",
            "Betts v. Brady",
            "Mapp v. Ohio",
            "Miranda v. Arizona"
        ]
    },
    {
        "question": "Uncertainty over the limits to presidential power is caused primarily by the fact that",
        "subject": "high_school_government_and_politics",
        "choices": [
            "the constitutional definition of those powers is broad and unspecific",
            "most people agree that the Constitution places too many limits on presidential power",
            "the Supreme Court consistently refuses to rule on cases concerning presidential powers",
            "constitutional amendments have greatly increased presidential powers"
        ],
        "answer": 0,
        "th_question": "ความไม่แน่นอนเกี่ยวกับขอบเขตของอำนาจของประธานาธิบดีเกิดขึ้นหลักๆ เนื่องจาก",
        "th_choices": [
            "คำจำกัดความของอำนาจเหล่านั้นในรัฐธรรมนูญมีความกว้างขวางและไม่เฉพาะเจาะจง",
            "คนส่วนใหญ่เห็นด้วยว่ารัฐธรรมนูญกำหนดข้อจำกัดเกี่ยวกับอำนาจของประธานาธิบดีมากเกินไป",
            "ศาลฎีกาปฏิเสธที่จะตัดสินคดีที่เกี่ยวข้องกับอำนาจของประธานาธิบดีอย่างต่อเนื่อง",
            "การแก้ไขรัฐธรรมนูญได้เพิ่มอำนาจของประธานาธิบดีอย่างมาก"
        ]
    },
    {
        "question": "The term \"budget deficit\" refers to the",
        "subject": "high_school_government_and_politics",
        "choices": [
            "annual increase in federal spending on the military",
            "amount of interest on the national debt",
            "difference between the initial budget proposals made by the president and Congress",
            "amount the government spends in excess of its revenues"
        ],
        "answer": 3,
        "th_question": "คำว่า 'budget deficit' หมายถึง",
        "th_choices": [
            "การเพิ่มขึ้นประจำปีในการใช้จ่ายของรัฐบาลกลางเกี่ยวกับกองทัพ",
            "จำนวนดอกเบี้ยของหนี้สาธารณะ",
            "ความแตกต่างระหว่างข้อเสนองบประมาณเริ่มต้นที่ทำโดยประธานาธิบดีและสภาคองเกรส",
            "จำนวนเงินที่รัฐบาลใช้จ่ายเกินกว่ารายได้"
        ]
    },
    {
        "question": "Which of the following best states an argument made by James Madison in The Federalist number 10?",
        "subject": "high_school_government_and_politics",
        "choices": [
            "Honest politicians can prevent factions from developing.",
            "Factions are more likely to occur in large republics than in small ones.",
            "The negative effects of factionalism can be reduced by a republican government.",
            "Free elections are the people's best defense against factionalism."
        ],
        "answer": 2,
        "th_question": "ข้อใดต่อไปนี้กล่าวถึงข้อโต้แย้งที่ James Madison ได้ทำใน The Federalist ฉบับที่ 10 ได้ดีที่สุด?",
        "th_choices": [
            "นักการเมืองที่ซื่อสัตย์สามารถป้องกันการเกิดกลุ่มอิทธิพลได้",
            "กลุ่มอิทธิพลมีโอกาสเกิดขึ้นได้มากกว่าในสาธารณรัฐขนาดใหญ่กว่าในสาธารณรัฐขนาดเล็ก",
            "ผลกระทบลบของการแบ่งแยกด้วยกลุ่มอิทธิพลสามารถลดลงได้ด้วยรัฐบาลสาธารณรัฐ",
            "การเลือกตั้งอย่างเสรีคือการป้องกันที่ดีที่สุดของประชาชนต่อการแบ่งแยกด้วยกลุ่มอิทธิพล"
        ]
    },
    {
        "question": "Which of the following statements about cabinet departments is FALSE?",
        "subject": "high_school_government_and_politics",
        "choices": [
            "They are established by the legislative branch.",
            "Their members often don't have much influence over presidential decisions.",
            "They cannot all be run by leaders who belong to the same political party the president does.",
            "Not every federal agency is a cabinet department."
        ],
        "answer": 2,
        "th_question": "ข้อใดต่อไปนี้เกี่ยวกับกระทรวงในคณะรัฐมนตรีไม่ถูกต้อง?",
        "th_choices": [
            "พวกเขาถูกจัดตั้งโดยสาขานิติบัญญัติ.",
            "สมาชิกของพวกเขามักไม่มีอิทธิพลมากนักต่อการตัดสินใจของประธานาธิบดี.",
            "พวกเขาไม่สามารถถูกบริหารทั้งหมดโดยผู้นำที่อยู่ในพรรคการเมืองเดียวกันกับประธานาธิบดีได้.",
            "ไม่ใช่ทุกหน่วยงานของรัฐบาลกลางเป็นกระทรวงในคณะรัฐมนตรี."
        ]
    }
]
