[
    {
        "question": "If the government subsidizes producers in a perfectly competitive market, then",
        "subject": "high_school_microeconomics",
        "choices": [
            "the demand for the product will increase",
            "the demand for the product will decrease",
            "the consumer surplus will increase",
            "the consumer surplus will decrease"
        ],
        "answer": 2,
        "th_question": "ถ้ารัฐบาลให้การสนับสนุนแก่ผู้ผลิตในตลาดที่มีการแข่งขันอย่างสมบูรณ์แล้ว",
        "th_choices": [
            "ความต้องการสินค้าจะเพิ่มขึ้น",
            "ความต้องการสินค้าจะลดลง",
            "ผลประโยชน์ของผู้บริโภคจะเพิ่มขึ้น",
            "ผลประโยชน์ของผู้บริโภคจะลดลง"
        ]
    },
    {
        "question": "Which of the following is necessarily a characteristic of oligopoly?",
        "subject": "high_school_microeconomics",
        "choices": [
            "Free entry into and exit from the market",
            "A few large producers",
            "One producer of a good with no close substitutes",
            "A homogenous product"
        ],
        "answer": 1,
        "th_question": "ข้อใดต่อไปนี้เป็นลักษณะที่จำเป็นของการผูกขาดรูปแบบโอลิโกพอลี?",
        "th_choices": [
            "การเข้าสู่และออกจากตลาดได้อย่างอิสระ",
            "ผู้ผลิตจำนวนไม่มากแต่มีขนาดใหญ่",
            "ผู้ผลิตเพียงหนึ่งรายของสินค้าที่ไม่มีสินค้าทดแทนที่ใกล้เคียง",
            "ผลิตภัณฑ์ที่เหมือนกันทุกประการ"
        ]
    },
    {
        "question": "In a competitive labor market for housepainters, which of the following would increase the demand for housepainters?",
        "subject": "high_school_microeconomics",
        "choices": [
            "An effective minimum wage imposed on this labor market.",
            "An increase in the price of gallons of paint.",
            "An increase in the construction of new houses.",
            "An increase in the price of mechanical painters so long as the output effect exceeds the substitution effect."
        ],
        "answer": 2,
        "th_question": "ในตลาดแรงงานที่มีการแข่งขันสำหรับช่างทาสีบ้าน ข้อใดต่อไปนี้จะเพิ่มความต้องการช่างทาสีบ้าน?",
        "th_choices": [
            "การกำหนดค่าแรงขั้นต่ำที่มีประสิทธิภาพในตลาดแรงงานนี้",
            "การเพิ่มขึ้นของราคาแกลลอนสี",
            "การเพิ่มขึ้นของการก่อสร้างบ้านใหม่",
            "การเพิ่มขึ้นของราคาเครื่องทาสีโดยมีผลผลิตมากกว่าผลการแทนที่"
        ]
    },
    {
        "question": "The concentration ratio for a monopoly is",
        "subject": "high_school_microeconomics",
        "choices": [
            "0",
            "5",
            "10",
            "100"
        ],
        "answer": 3,
        "th_question": "อัตราส่วนการเข้มข้นสำหรับการผูกขาดคือ",
        "th_choices": [
            "0",
            "5",
            "10",
            "100"
        ]
    },
    {
        "question": "Which of the following is true of a price floor?",
        "subject": "high_school_microeconomics",
        "choices": [
            "The price floor shifts the demand curve to the left.",
            "An effective floor creates a shortage of the good.",
            "The price floor shifts the supply curve of the good to the right.",
            "To be an effective floor, it must be set above the equilibrium price."
        ],
        "answer": 3,
        "th_question": "ข้อใดต่อไปนี้เป็นจริงเกี่ยวกับราคาพื้น?",
        "th_choices": [
            "ราคาพื้นทำให้เส้นโค้งความต้องการเลื่อนไปทางซ้าย",
            "พื้นราคาที่มีประสิทธิภาพสร้างการขาดแคลนของสินค้า",
            "ราคาพื้นทำให้เส้นโค้งอุปทานของสินค้าเลื่อนไปทางขวา",
            "เพื่อให้เป็นพื้นราคาที่มีประสิทธิภาพ จะต้องตั้งไว้เหนือราคาสมดุล"
        ]
    }
]
